یہودیو,yahodiyo
ڈراؤٕ,drao
زرد,zard
وما,wama
وکیلہو,waqeelho
وعدہٴ,waada
وصیتیں,waseetatain
وحیوں,wahion
والاکر,walakar
واقعہو,waqaho
وارثہو,warasaho
واپسکر,wapiskar
ہایوں,hayoon
ہانکیں,hankain
نیکوں,naikoon
نیستکر,naistko
نیچاکر,neechakar
گھیرنے,ghairnay
نہہو,nahho
نہکر,nahkar
نکوکاروں,nakokaroon
نکوکار,nakokaar
نکوئی,nakoi
نکاحکر,nikahkar
نصرانیت,nasraniat
نشایوں,nishayoon
نچوڑیں,nichorain
نجاستوں,nijaston
نِتھری,nithri
نتھری,nithri
نبیذ,nabeez
نباہیں,nibahain
نباہا,nibaha
نامہٴ,naama
ناقض,naaqiz
ناشناسا,nashinasa
نادانوں,nadanoon
میووں,maiwon
میراکر,mera kar
میدانکر,maidaankar
موتیں,motain
مہروالا,mehar wala
منگتا,mangta
منفعتیں,manfatain
منڈاتے,mundatay
ملیو,milio
ملونی,milwani
ملکتا,milakta
ملالو,milalo
ملادیئے,miladiye
مکرتے,mukartay
مقربوں,muqraboon
مقربان,muqarbaan
مفتری,miftree
گیمجرموں,gaimjarmoon
مغروروں,maghroron
معلومہو,maalomaho
مظلومی,mazloomi
مشتبہکر,mashtbahkr
مسخرگی,mukhargi
مسافری,musafri
مزوں,mazoon
مُردنی,muradni
مددہو,maddaho
مخا,mukha
مچاؤ,machao
متفرقکر,mutafarkar
ماوؤں,maoun
مانگئے,mangne
ماندی,maandi
ماندوں,maandoon
ماموؤں,mamowon
ماپو,mapoo
ماپتا,mapta
لیںجسے,lainjsay
لیاہو,liyahoo
لیاتو,liyatoo
لوںاور,lonawar
لہب,lahab
اہلا,ahlaa
لنا,lana
للچائیں,lalchaien
لگادیتا,lagadeta
لکوں,lakoon
لکھت,lakhat
پشتی,lashkaryoon
لدنی,ladni
لچے,lachay
لپیٹیں,lapaitain
لپیٹتا,lapaitta
لازمکر,lazimkar
ڈراتی,draati
کیاری,kiyaari
پھایا,phaya
دُوں,doon
لادھرے,ladhray
جھٹلانا,jhutlana
گواہہو,guwahho
گواه,gawah
گہلے,gahlay
گھیرلیے,ghairliye
مقیم,muqeem
گھٹاتے,ghatatay
گھٹاتی,ghatati
گھال,ghaal
گندیوں,ghandyon
گندوں,ghandoon
گمراہو,ghumraho
گڑھت,gharaht
گڑگڑاتے,ghirghratay
گڑگڑائے,ghrghraye
گڑگڑائیں,ghirghraen
گرداگرد,ghirdaghird
گرادیے,ghiradye
گٹوں,ghatoon
گایہ,ghayah
بیبیو,bibion
گانگاہ,ghaanghah
گانٹھتا,ghanthta
گافرعون,gh firoon
گاسوا,ga siwa
گاتم,ga tum
گابھے,ga bhay
گابھنی,ga bhni
گابھا,ga bha
گابھ,ga bh
کیونکرہو,kyon kar ho
کینڈے,kainday
کیساہو,kaisa ho
گھرانے,gharanay
کونچا,koncha
کوزوں,kozon
کہنیوں,kohnion
نیاؤ,nayao
کھیٰعص,kaf ha ya aeen suwad
کھپائیں,khapaen
کھپا,khapa
کنیزیں,kaneezain
کنیزوں,kaneezoon
کنواریاں,kunwanryan
کموادے,kamwaday
کمائیاں,kamyyan
کلیسے,kaleesay
کلاموں,kalamoon
کلالہ,kalalah
کفرستان,kufristaan
کڑوڑے,karooray
کڑوڑا,kaoora
کروٹوں,karwatoon
کراوے,karaway
کجاوے,kajaway
کبہو,kabhoo
کاہن,kahin
کامہو,kamho
کافرنیوں,kafirniyon
قسمکر,qisamkar
قریشیو,qurashyon
قرارآ,qararaa
قبضہٴ,qabza
قائمہو,qaim ho
فضیحت,fazihat
فسادہو,fasad ho
فرماؤ,farmao
فرمانوں,farmano
غرض,garz
پلا,pala
فرماتابے,farmata bay
نحوست,nahosat
فاسقوں,fasiqon
کتراتے,katratay
تب,tab
دانا,dana
ناشکر,na shukar
آملیں,aamilain
جھٹلاتی,jhutlati
نازک,nazuk
شگوفہ,shagoofah
چوپایہ,chopayah
آفتاب,aaftab
ناظر,nazir
درود,durood
غیبوں,ghaiboon
غنیمتیں,ghanimatain
غنیمتوں,ghanimatoon
غنیکر,ghanikar
غرابیں,ghrabain
غداب,ghadab
عورتو,orto
عہدیوں,ahadion
عندالشافعی,andal shafi
عقلیں,aqlain
عزیٰ,azee
عزتہو,izzat ho
طوقہو,tooq ho
طٰهٰ,tuaaa haa
طلبہو,talbahoo
طٰسم,tuaa seen meem
صیت,suaad yaa taa
صریحبے,sareehbay
صبحہو,sabhahoo
صابروں,sabiroon
شریکوں,shareekoon
شراٹے,shiratay
شانیں,shanain
سینت,seenat
سونپتا,soonpta
سوجھیں,soojhain
سوجھنے,soojhnay
بشریت,basharyat
کمزوروں,kamzoryooon
سوجھائی,sojhai
سوالہو,sawal ho
سھتروں,sahtroon
پرزہ,purza
سنگتوں,sangtoon
سلگاتے,sulgatay
خلقت,khalqat
سفارشیوں,sifarshiyon
سزاواروں,sazawaroon
تحفہ,toohfah
سدھالیے,sadhaliye
سدرة,sidrah
سجدہکر,sajdah kar
ستھریوں,sathriyon
ستھریاں,suthriyan
ستھروں,suthroon
ستمگاروں,sitamgaroon
ستمگار,sitamghar
سپردہو,supardho
ساکنوں,sakinon
ساقیوں,saqion
شیشوں,shishon
ساجھے,saajhay
ساتھیو,saathion
ساتھکر,saathkar
زیوروں,zaweroon
پوشیدہ,pooshida
زمانہٴ,zamanah
رینکیں,rainkain
رینکنا,rainkna
ریتے,raitay
رونگٹوں,rongtoon
روندن,roondan
روشیں,roosheen
روزیاں,roozyan
زیر,zair
رسالتیں,rasaltain
رسالتوں,rasaltoon
فخر,fakhar
رچتا,rachta
راه,raah
راندھا,randha
راضیکر,razikar
ڈوبتوں,dobtoon
ڈوبائے,dobaaye
ڈہی,dahi
ڈھونڈھو,dhondho
ڈھانکتا,dhankta
ڈگا,daga
ڈریے,darye
ڈریئے,darye
منحوس,manhoos
ڈراؤ,darao
یبچ,yabch
ذلیلوں,zaleelon
دیووں,dawoon
دیںنصیحت,di naseehat
دیںگی,daingi
دیںکہ,deen kay
دیںعلم,deen ilm
دیںاور,deen or
دیجائیں,day jaen
دیتو,day to
دیتامگر,daita magar
دیاور,di or
دیاہوتا,dya hota
دیاگروہ,diya ghar who
دیاکاٹے,diya kaatay
دیادو,diya do
دوڑائے,doraye
دوزخیوں,dozkhiyon
دورہہو,door hho
دوجو,do jo
گھرہو,ghr ho
دہلانے,dahlanay
دہکاتے,dahkatay
دھونکو,dohnkar
دھوؤ,dahoo
دھنسیں,dhansain
دھنسانا,dhansata
دھنساتا,dhansata
دھنساؤ,dhansao
دُھسّوں,dhassoon
دُھرکے,dharkay
دنہو,danho
دُنبیوں,dunbiyon
دنبیاں,dunbiyan
دُنبی,dunbi
دلاتیاں,dilatyan
دروا,darwa
درگزریں,darguzrain
درگزرو,darguzro
درباریو,darbaryo
دحی,dahi
دتکارے,dutkaray
دبالیے,dabalye
داغیں,dagain
داروغوں,darogon
دائیوں,daieyon
خوشے,khoshay
خوشحالوں,khushhalon
خورجیوں,khorjiuon
پلٹایا,paltaya
خوابیں,khuwabain
سننا,sunna
خطاواروں,khatawaroon
خشککر,khushk kr
خرچو,kharcho
خُرجیوں,kharjiyon
خانقاہیں,khanqahain
خالائیں,khalaien
خالاؤں,khalaoun
خاطریں,khatirain
رنگتوں,rangton
حیائیوں,hayaon
حیائیکو,hayah ko
حیائیکا,hayah ka
حیائیاور,haya or
حیائیاں,hayaan
دیگیں,daigain
حملہکر,hamlah kar
حمایتیہو,himaiti ho
حٰمٓ,ha meem
حکمہو,hukam ho
حسابہو,hissab ho
حرمتوں,hurmatoon
لشکریوں,lashkaryon
حجتکر,hijat kar
حالہو,haalho
حاضرہو,haazir ho
مسکرا,muskura
بالفرض,bilfarz
چوندھیائے,chondhyaye
چومیخا,chomaikha
چوپاؤں,chopaoun
چھیئے,chayye
چھوڑانے,chooranay
بڑھیا,burhya
چھٹپن,chatpan
چھپالیتے,chupalaitay
چھئے,chahay
چنگھاڑنا,chingharna
چنائیاں,chunayyan
چکیہے,chakeehay
لکھتے,likhtay
چکیکہ,chakeekah
چکھنی,chakhni
چکھائے,chakhaye
چکاوہ,chakawah
چکاہوتا,chuka hota
چڑھاؤں,charhaoun
چڑائے,chahanay
چرتر,chartar
چپیٹ,chapait
چپٹانے,chaptanay
عاقبت,aaqbat
جیوگے,jiogay
جوگیوں,jogiuon
شامیانے,shamyanay
جوبے,jobay
جہنمکر,jahan kar
رخسارہ,rukhsar
اطراف,atraf
جھنجلایا,jhanjhlaya
جھگڑو,jhagro
جھگڑتی,jhagarti
جھڑکو,jharko
جھڑکا,jharka
گھبرائے,ghabraye
جھٹلائے,jhutlaye
جھاڑتا,jharta
کہانیاںکر,kahanian kar
جنتیوں,jannatyon
جمعکر,jumma kar
فرمانبرداریں,farmabardarain
جداکر,judakr
جایں,jaen
جاؤ,jao
جاہلو,jahilo
جانچیں,janchain
جاملنے,jamlny
عمدہ,umdah
جادوکر,jadoo kar
جائیںتو,jaayento
دلاتی,dilati
جٕلائے,jilaye
ٹیٹوں,titon
ٹھیککر,theek kr
ٹھیرائیں,thairaen
ٹھونکا,thonka
ٹھہرسکیں,thair sakain
ٹھہرچکا,thahr chuka
ٹھہرالیے,thahra liye
ٹھہرالو,thahra lo
ٹھہراؤں,thahraoun
ٹھٹھا,thatha
ٹمہیں,tamhain
ٹلوں,tilon
ذمہٴ,zimmah
ٹکڑیاں,tukriyan
ٹکائی,tikaiye
ثابتہو,sabit ho
تولیں,toolain
توبے,toobay
توبہکر,tu bah kar
تھوہڑ,thohar
تھوہر,thohar
تھوڑوں,thohroon
تھلکی,thalki
تھرتھرائیں,thar tharayen
تھرتھرا,tharthara
تھرائے,tharaye
تھپکا,thapka
تھالے,thalay
تمہارہ,tumhara
تقصیروں,tafseeron
تشبیہیں,tashbeehain
تڑاتے,taratay
ترشواتے,tarshwatay
ترازوئیں,tarazoain
تپنا,tapna
تپایا,tapaya
تپائے,tapaye
تباہکر,tabahkar
لہراتا,lahrata
قطعی,qataei
پیغمبرو,paigambaro
پیشوائیہو,paishwayo
پیریں,peerain
پیروؤں,peeron
پیٹھیں,peethain
پیاریاں,pyaaryan
پیادوں,pyadoon
پیئو,piyo
پوریہو,poryoh
پوریکر,porikar
پوربوں,poorbon
پوراہو,pooraho
پوجے,poojay
پُوجو,poojo
قارون,qaroon
ساقیں,saqain
اوندھا,ondha
پہونچائی,pohnchai
پہنچانتے,pahchantay
پہنچادینا,pohnchadena
پہناؤ,pehnao
منزل,manzil
پھیرلیتے,phairlaitay
پھیرلو,phairlo
پھیردیں,phairdain
پھیردیتے,phairdaitay
پھیردیتا,phairdeta
پھیردوں,phairdoon
پھونکتی,phonkti
پھلواریوں,pehalwarion
پھک,pehak
عقیدہ,aqeedah
پھرتمہیں,phir tmhain
پھراکی,phraki
بَری,bari
پھپیوں,phupiyon
لقمان,luqman
پلیدی,palidi
پلواؤ,pilwao
پلٹیں,paltain
جرأٔت,jurrat
پردہکر,prdah kr
پرٹھہر,pr thair
پچھیت,pcheet
پچھموں,pchahmon
پچتاتا,pachtata
پچتا,pachta
پتھراؤکر,pathrao kar
پاےٴ,paye
صادر,saadir
پاکیزہکر,pakeezah kr
پاشکر,paashkr
بیونتے,bewantay
بیہودگیوں,behodgiyon
بیکسی,baykisi
بیشکبے,bayshak bay
بیریوں,bairyon
بیبیوں,bibion
پردگی,pardagi
بیبیں,bibin
بیاہیاں,biyahyan
بیانکر,bayan kar
جنھیں,jinhain
بوجھہو,bojho
بوٹیکر,booti kr
بہنائے,bahnaye
مجرمو,mujrimon
بہکاویں,behkawain
بہکادیں,behkadain
بہکادوں,behkadon
بہشتیوں,behashtiyon
بہتیرے,beh teray
بہتیروں,behteeroon
بہادی,bahadi
ٹوُٹا,toota
بھلاوے,behlaway
بھگائی,bhgayi
بھگاؤ,bhagao
بھڑا,bhara
بھٹکتی,bhatakti
بھبھوکا,bhabhoka
بندھائے,bandhaye
بناوٹیں,banwatain
بناوٹوں,banawatoon
جھاؤ,jhao
بقوت,baqoot
بفرض,ba farz
بڑھتنا,barhatna
بڑاعذاب,bara azab
حُجتیں,huj jatain
برتوانا,baratwana
برتو,barto
برتاوا,bartawa
بدکنا,bdkna
رحمٰن,rehman
جانچا,jancha
بدعہدیوں,bad ahdiyoun
بچہہو,bach ho
بچھونوں,bichonon
گناہگار,ginahgar
بچلو,bachlo
بجار,bajar
بتایئے,bataye
ببری,bbri
بایں,bayen
باندیوں,bandiyon
بامراد,ba murad
سوچو,soocho
باریاب,baryab
چاہ,chaah
آفتابے,aftabay
انکا,inka
آسُودوں,asodon
آسمانکر,asmankar
آتیاں,atyan
آپڑے,aparay
آپڑا,apara
آئتیں,ayatain
ایڑیوں,aeriyon
ایذائیں,ezayen
اوندھایا,ondhaya
اوندھاکر,ondhakar
اوندھائے,ondhaye
اورضرور,or zaror
اوترا,otra
اہلے,ahlay
انھیںکر,unhain kr
انکھیارے,ankh yaray
انکھیارا,ankh yara
امتیں,umatain
امتکر,ummat kr
المنتہیٰ,almuntahi
المص,alif laam meem suad
الماویٰ,الماوی
الکفل,الکفل
السجدة,السجدة
خط,khat
البال,البال
کھلائیں,khilaen
اگاتا,ugata
اکتاتے,uktatay
اکتاتا,uktata
افتراؤں,aftaraon
اعرابی,aerabi
اطلاعکر,itlae kar
استواء,istawa
جادوگروں,jadoogar
اختلافوں,ikhtilafoon
احقاف,ahqaaf
اچنبے,achanbay
اچنبا,achanba
اترونا,atrona
اتاردی,utardi
ابہو,abho
زیادتیاں,zyadtyan
ذوالنون,Zulnun
ظلم,zulm
ذوالکفل,zulkaffal
زلیخا,zulekha
زبانیں,zubanain
زور,zor
زوں,zoo
ذوالقرنین,zol qarnain
ذو,zo
زلز,zlz
زکوٰة,zkoة
زیارت,ziyarat
زیادہ,ziyada
زندوں,zindon
زندہ,zindah
زندگی,zindagi
زندگانی,zindagani
زنا,zina
ذمہ,zimma
ذلت,zillat
زکریا,zikria
ذکر,zikar
ضد,zid
ذبح,zibah
زیور,zewar
زنگ,zeng
زیست,zeist
زینت,zeenat
زینہ,zeena
ذی,Zee
ذبیحہ,zbih_h
پارہ,zayega
زائد,zayed
زیاں,zayan
زیادتیوں,zayadtio
زیادتی,zayad-ti
ضائع,zaya
ذرے,zarray
ضرر,zarrar
ضَرر,zarrar
ذرہ,zarra
ضروریات,zaroriat
درست,zaroori
ضرورت,zaroorat
ضرور,zaroor
ذریعہ,zareya
سبک,zard
ضرب,zarb
ذرا,zara
تانبے,zar
زنجیروں,zanjeeroon
زنجیریں,zanjeeren
زنجیر,zanjeer
ضامن,zamin
زمینوں,zamiinon
زمینیں,zameenen
زمین,zameen
زمانے,zamane
زمانہ,zamana
زلزلے,zalzalay
زلزلہ,zalzala
ظالم,zalim
ذلیل,zaleel
زخمی,zakhmi
زخموں,zakhamo
زخم,zakham
زیتون,Zaitoon
تیاری,zair
تقدیر,Zaid
زیبا,zaiba
ظاہرکر,zahrkr
ظاہری,zahiri
ظاہرہو,zahirho
ظاہر,zahir
زائل,zael
ضعیفوں,zaeefon
زدہ,zada
زبور,Zaboor
زبردستی,zabardasti
زبردست,zabardast
زبانوں,zabanon
زبانی,zabani
زبان,zabaan
ذاتی,zaati
پچاس,zaat
زاری,zaari
زانو,zaano
ظالموں,zaalmon
زاد,zaad
ظا,za
یوں,yun
یونہی,yuhin
یوسف,Yousuf
یونس,Younis
ئیں,yin
یہ,yeh
يہ,yeh
ئے,ye
یتیموں,yatimon
یتیم,yateem
یسع,yassa
یارانہ,yarana
یاقوت,Yaqoot
یعقوب,Yaqoob
یقینکر,yaqeenkar
یقیناً,yaqeenan
یقین,yaqeen
یعوق,Yaook
یعنی,yani
یکساں,yaksaa
یکون,yakoon
ة,yakeeni
یک,yak
یاجوج,yajooj
یحیی,Yahya
یہودیوں,yahudion
یہود,yahood
یہودی,yahodi
یہیں,yahin
یہی,yahi
یہاں,yahan
یغوث,Yaghus
یادگار,yadgar
یابی,yabi
اِترا,yab
بھاگنا,yaas
یاری,yaari
یار,yaar
یاد,yaad
یا,ya
باقیوں,y ?
وسعت,wusat
وہی,wohi
وہ,woh
وه,woh
ودّ,With
ولادت,wiladat
وائے,why
ویران,weraan
وحشی,wehshi
ویرانی,weerani
واضح,wazeh
وزیر,wazeer
وزن,wazan
پوجتی,waza
وے,way
وطن,watan
وسوسوں,waswason
وسوسہ,waswasa
واسطے,wastay
وصیت,wasiyat
وصف,Wasf
وسیلہ,waseela
وسیع,wasee
وسوسے,was wasay
ورنہ,warna
وارث,waris
وقت,waqt
وقوفی,waqoofi
وقوف,waqoof
وقفہ,waqfa
واقعہ,waqea
واقع,waqay
وکالت,waqalat
سنوار,waqai
واپسی,wapsi
واپس,wapas
ونکا,wanka
ولیوں,walyoon
والِیو,walyeo
والیو,walyeo
والوں,walon
والو,walo
والیاں,waliyan
والیوں,walion
ولی,walii
والی,wali
والے,walay
والا,wala
واجب,wajib
وجہ,wajah
ویسی,waisi
ویسے,waisay
ویسا,waisa
وحی,wahi
وہیں,wahein
وہاں,wahan
وغیرہ,waghera
کمینے,wafaat
فریبی,wafa
وادیوں,wadiyon
وعدے,waday
وعدہ,wada
وبال,wabaal
وار,waar
وارِ,waar
وافر,waafar
وادی,waadi
وصیلہ,vaseela
عزیر,Uzair
اترو,uttro
اٹھے,utthay
اترنے,utrney
اتری,utri
اترے,utre
اتریں,utrain
اٹھتے,uthte
اٹھنے,uthnay
اٹھنا,uthna
اٹھی,uthi
اٹھیں,utheen
اٹھائیں,uthayen
اٹھائے,uthaye
اٹھایا,uthaya
اٹھاتے,uthatay
اٹھاتا,uthata
اٹھانے,uthany
اٹھانا,uthana
اٹھائی,uthai
اٹھاتی,uthaati
اٹھان,uthaaen
اٹھا,utha
اٹھ,uth
اتروا,utarwa
اترتی,utarti
اترتے,utartay
اترتا,utartaa
اتارتا,utarta
اتارو,utaro
اتاری,utari
اتاریں,utarain
اتر,utar
اتارتے,utaartay
اتارنے,utaarnay
ابتدا,utaarna
اتارے,utaarey
اتارا,utaara
اتار,utaar
چھوؤ,ustaadi
اسلوب,usloob
اسکی,uski
اسکے,uskay
اسکا,uska
اسے,usay
اڑتا,urta
اڑنے,urrnay
اڑ,urr
اَڑ,urr
عروج,urooj
اڑاتی,urati
اڑاتے,uratay
اڑانے,urane
اڑا,ura
انکی,unki
انکے,unkay
انجانی,unjani
انہوں,unhon
انھوں,unhon
انہی,unhi
انھیں,unhein
انگلیاں,ungelian
انڈیل,undail
ان,un
امت,ummat
امیدوار,umeed waar
امید,umeed
آمنا,umdah
عمر,Umar
الٹی,ulti
الٹے,ultay
الٹا,ulta
الجھن,uljan
الفت,ulfat
الٹنے,ulatnay
الٹ,ulat
اجڑنا,ujrna
اجرت,ujrat
اجالے,ujalay
اجالا,ujala
اگتا,ugta
اُگنے,ugnay
اگنے,ugnay
اگلوں,uglo
اگائے,ugaye
اُگائے,ugaye
چھوٹنا,ugaya
اُگے,ugay
اگائی,ugai
اُگا,uga
اُف,uff
اُدھر,udhar
اچھلتے,uchaltay
اچک,uchak
اُچک,uchak
ابلے,ublay
ابھری,ubhri
ابھرے,ubhray
ابھر,ubhar
ابھار,ubhaar
ابلتے,ubaltay
ابل,ubal
طواف,tuwaf
ترش,tursh
طرہ,turah
تند,tund
تمھیں,tumhen
تمہیں,tumhe
تمہاری,tumhari
تمھارے,tumhare
تمہارا,tumhara
تمہارے,tumahray
تمھارا,tumahra
تم,tum
تولو,tulo
ٹکڑے,tukre
شرماتا,tuko
ٹکڑا,tukda
تکے,tukay
تجھی,tujhi
تجھے,tujhe
تجھ,tujh
طوفان,tufaan
تری,tri
تڑکے,trhke
ترازو,traazo
توقیر,touqeer
توشہ,tosha
توڑتے,torte
توڑو,torro
ناتوانی,torrey
توڑنے,tornay
توڑی,tori
توڑیں,toreen
توریت,torait
توڑا,tora
طور,tor
ٹوپ,top
ٹوٹے,tootay
ٹوٹا,toota
لاحق,toota
خاطرداریہو,toot
تونگر,toongar
تولنے,tolnay
طول,tole
تہمت,tohmat
اجلاس,tohfa
توفیق,tofeq
توڑ,toar
تول,toal
ٹوک,toak
تو,to
توُ,to
ٹھوڑیوں,tlta
تِل,tِl
تختیوں,tkhtyon
تختیاں,tkhtyan
تکبیر,tkbir
ٹیڑھے,tirhhe
تنکا,tinka
تلاوت,tilawat
تکان,tijarat
ٹڈی,tiddi
ٹھٹر,thtr
ٹھٹھ,thth
تھرتھرانے,thrthrane
فرستادے,thoriu
تھوڑی,thori
ٹھوڑی,thorhee
تھوڑے,thoray
تھوڑا,thora
تھوپ,thop
تھوتھنی,thoothni
ٹھونس,thoons
تھکیں,thkin
جھنجھوڑے,thitak
ٹھکانوں,thikanon
ٹھکانا,thikana
ٹھکانہ,thikana
ٹھکانے,thikaane
تھی,thi
تھیلی,theli
ٹھہرو,thehro
ٹھہرائے,thehraye
ٹھہرایا,thehraya
ٹھہرے,thehray
ٹھہراؤ,thehrao
ٹھہرانے,thehranay
ٹھہرا,thehra
ٹھہر,thehr
ٹھہرنے,theharnay
ٹھہرنا,theharna
تھیں,theen
ٹھیکری,theekri
ٹھیک,theek
ِ,thayeria
تھے,thay
ٹھٹھے,thathay
ٹھہریں,thareen
تھرتھرانا,thar-tharane
تھر,thar
ٹھنڈی,thandhi
ٹھنڈک,thandak
ٹھنڈا,thanda
تھامی,thamne
تھما,thama
تھم,tham
تھکی,thaki
تھکانے,thakanay
تھکا,thaka
تھک,thak
ٹھیس,thais
ٹھیرالو,thairalo
ٹھہری,thahri
تحاشا,thaasha
تھان,thaan
تھامتے,thaamte
تھامے,thaamay
تھام,thaam
تھال,thaal
تھا,tha
ٹھہرتے,th_hrte
ٹھہرائیں,th_hrayin
ٹھہرائی,th_hrayi
ٹھہراتے,th_hrate
ٹھہراتا,th_hrata
تیری,teri
طرح,terhan
ٹیڑھا,terha
تیرا,tera
تیوری,teori
ٹینٹ,tent
تحصیل,tehseel
تحریر,tehreer
تحقیق,tehqeeq
پھنسے,tehni
تہہ,teh
تہ,teh
تیسری,teesri
بدکتے,teesray
تیسرا,teesra
تیس,tees
تیر,teer
تین,teen
ٹیلہ,teela
ٹیڑھی,tedhi
تے,te
تبدیلیں,tbdilin
تبع,tba
تذکرہ,tazkara
تازی,tazi
تعظیم,tazeem
تیاریاں,tayyariyan
تیار,tayyar
ابھارتی,tayari
تیمم,tayamum
طے,tay
تاوان,tawwan
طویٰ,tawee
تواضع,tawaza
توقع,tawaqqa
توکل,tawakkal
توجہ,tawajah
توبہ,tauba
لنگردار,taswerain
تصویر,tasweer
تسنیم,Tasneem
تسکین,taskeen
تشریف,tashreef
تصدیق,tasdeeq
تسبیح,tasbeeh
تارے,tarre
تاروں,taron
ترو,taro
ترکیب,tarkeeb
ترکہ,tarka
ترجیح,tarjeeh
ترغیب,targheeb
تاریکی,tareqi
طریقے,tareeqay
طریقہ,tareeqa
تعریف,tareef
تراشتے,tarashtain
تراشوں,tarashoon
ترس,taras
ترقی,taraqqi
ترائی,tarai
طرف,taraf
تراشنے,taraashney
تراش,taraash
تارا,tara
تر,tar
تقویٰ,taqwa
پوج,taqub
تقصیر,taqseer
تقسیم,taqseem
تکبر,taqqabur
ف۱۰٤,taqdeer
تقاضا,taqaza
طوق,taoq
تنور,tanoor
تنگی,tangi
تنگدست,tangdast
تنگ,tang
تانے,tane
تندرستی,tandrusti
تندرست,tandrost
کتی,tanbay
تانبہ,tanbah
تنے,tanay
طعنہ,tana
تامل,tamil
تمیز,tameez
گیاس,tamaskhur
تماشا,tamasha
تمنا,tamanna
تمام,tamam
طمع,tama
ٹالتے,talte
ٹالتا,talta
طالوت,Taloot
ٹالنے,talnay
ٹلنے,talnay
تعلق,talluq
تلخ,talkh
تعلی,tali
تلے,taley
تعلیم,taleem
تلاشی,talashi
طلاق,Talaq
طلائی,talai
طلبی,talabi
طلب,talabb
تلاش,talaash
ٹل,tal
تکذیب,takzeeb
تکتے,taktey
تکتا,taktaa
ٹکرا,takra
تکلیف,takleef
تکا,takka
تکیہ,takiya
تختوں,takhton
تختے,takhtay
تخمینے,takhminay
تخفیف,takhfeef
تخت,takhat
تاکیدی,takeedi
تاکید,takeed
چلاتے,takan
تک,tak
تجویز,tajweez
تجمل,Tajammal
تیز,taiz
تیسا,taisa
تیرتی,tairti
تیرے,tairay
تعینات,tainaat
تیل,tail
تائب,Taib
تحمل,tahammul
تہائی,tahai
گچھ,taghaful
تاگے,tagay
تفصیل,tafseel
تفرقہ,tafarruqa
تف,taf
تدبیریں,tadbeerye
تدبیر,tadbeer
طبقہ,tabqa
تابوت,taboot
تعبیر,tabeer
تابعداری,tabedari
تبدیلیوں,tabdeelion
تابع,tabay
تباہی,tabahi
تباہ,tabah
چوکنے,tab
تازگی,taazgee
تازہ,taaza
تاراج,taaraaj
تار,taar
برسکر,taaqatwar
طاقت,taaqat
طاق,taaq
گاؤں,taanay
تعمیر,taamer
ٹالا,taalla
ٹال,taall
تالی,taali
تعالیٰ,taala
تاکہ,taakay
تاک,taak
تعجب,taajjub
طعن,ta'an
تہجد,t_hjd
سواریاں,swaryan
ستھری,suthree
ستھرے,suthray
ستھرا,suthra
سستی,susti
سست,sust
سروں,suron
تجارت,surkh
سورتیں,suraten
سرنگ,surang
سراغ,suraagh
سپرد,supurd
سوؤ,suo
سنتے,suntay
سنو,suno
چچا,sunna
تاپو,suni
سننے,suneney
سنیں,sunen
سنائے,sunaye
سنایا,sunaya
سنے,sunay
سناتا,sunataa
سناؤں,sunaoun
سنانے,sunanay
سنانا,sunana
سنائی,sunai
سنائیں,sunaein
سناتے,sunaate
سناؤ,sunaaoo
سنا,suna
ہوا,sun-hwa
سن,sun
سلوک,sulooq
سولی,suli
سُولی,suli
سلگائے,sulghaye
سلیمان,Sulaiman
صلح,sulah
سکونت,sukoonat
سوجھتا,sujhta
نفیس,subk
صبح,subah
ستھرائی,sthrayi
سٹھ,sth
گاہ,srgrdan
سرغنوں,srghnon
سردست,srdst
سراہتی,srahti
سراہنے,srahne
سویا,soya
سوتیلا,soutela
سورت,sourat
سوتے,sotay
سورة,sorة
سوراخ,sorakh
سوت,soot
صورتیں,soorten
صورتوں,sooraton
صورت,soorat
سورج,Sooraj
سور,soor
صور,soor
سوکھی,sookhi
سوکھا,sookha
سوکھ,sookh
سوجھا,soojha
ساختہ,soojh
سود,sood
سوچے,soochey
سُو,soo
سونے,sonay
سُونے,sonay
سناتی,sonaati
سونا,sona
سوکھے,sokhey
سوئی,soi
صحبت,sohbat
سوداگری,sodagari
سودا,soda
سوچی,sochye
سوچتے,sochte
پہل,socho
سوچنے,sochnay
سوچیں,sochen
سوچا,socha
سوچ,soch
سو,so
سنیئے,sniye
سنادیا,snadya
سم,sm
صِلہ,sِlh
سجدے,sjday
سیاہی,siyahi
سیاہ,siyah
سوائے,siwaye
سوا,siwa
ستاروں,sitaron
ستارہ,sitara
ستم,sitam
صرف,sirf
سرے,siray
سر,sir
سپاہیوں,sipahiyon
سنگھار,singhar
یاب,singaar
سمت,simt
سمٹ,simat
ف۱۲۳,silsila
صلہ,sila
سکھائے,sikhayiye
سکھائی,sikhayi
سکھایا,sikhaya
سکھاتے,sikhate
سکھا,sikha
سجین,Sijeen
سہار,sihar
صفت,sift
سفارشی,sifarshi
سفارش,sifarish
سدرہ,sidra
سی,si
ڈھانک,shye
شروع,shuru
شمار,shumaar
شکر,shukar
شغل,shugal
شبہہ,shubah
شبہ,shuba
شعلے,sholay
شعلہ,shola
شعیب,Shoiab
شوہروں,shoharon
شوہر,shohar
شرک,shirk
شکرا,shikra
شکایت,shikayat
شکاری,shikari
شکار,shikaar
باری,shigoofa
شفا,Shifa
شدت,shiddat
شیطان,shetan
شِعریٰ,sheri
شیریں,sheree
شیر,sher
شیخی,shekhi
شہوت,shehwat
شہروں,shehron
شہر,shehar
شہد,shehad
ستایا,sheh
چھاپا,sheeshon
شیشے,sheeshay
شیطانی,shaytani
جلوہ,shayron
شیاطین,shayateen
شاعر,shayar
شایان,Shayan
شاید,shayad
شرط,shart
ڈرتی,sharmaata
شریعت,Shariat
شرف,Sharf
شریر,shareer
شریک,shareek
شرارت,shararat
شرمگاہوں,sharamgahon
شرم,sharam
شرعی,sharai
شراب,sharaab
شرع,shara
شر,shar
شق,shaqq
شاق,shaq
شعور,shaoor
پیرا,shamiyane
شامت,shamat
شاکر,Shakir
شخصوں,shakhson
شخص,shakhs
شکل,shakal
شک,shak
شیطانوں,shaitano
شعر,shair
شے,shai
شاہد,Shahid
شہید,shaheed
شہادت,shahadat
حیائیپر,shagoon
شفاعت,Shafaat
شادمانی,shadmani
شدید,shadeed
شبیہ,Shabeeh
شبانہ,Shabana
شب,shab
شان,shaan
واقعی,shaamil
شام,shaam
شاخیں,shaakhen
شاد,shaad
ستارے,setaaray
سرا,serra
سیلاب,selaab
سہنے,sehney
سہمے,sehmey
صحت,sehat
کھولیں,sehan
سیٹی,seeti
سیسہ,seesa
سینوں,seenon
سینگ,seeng
سینے,seenay
سینہ,seenah
سینا,seena
سٓ,seen
سیکھتے,seekhnay
سیکھنا,seekhna
سکھائیں,seekhiye
سیکھا,seekha
سیکھ,seekh
سیڑھیاں,seedhiyan
سیدھی,seedhi
سیدھے,seedhay
سیدھا,seedha
صدیق,Seddiq
سے,se
سچوں,schon
صبرو,sbro
سزائیں,sazayen
سزاوار,sazawar
سزا,saza
سائلوں,saylon
سایہ,saya
سواروں,sawaron
سواری,sawari
سوال,sawal
ثواب,sawab
سوار,sawaar
سواع,Sawa
سودے,saudey
سترّ,sattar
ستر,sattar
ستونوں,satonon
ساتوں,saton
سکتے,satke
ساتھیوں,sathiyon
ساتھ,sath
بڑوں,satayi
ستائے,sataye
چڑھتا,sataya
ستاتے,satatay
ستانا,satana
سسرال,sasural
سرزمین,sarzamen
سرسری,sarsari
سرکشوں,sarkashon
سرکش,sarkash
صریح,Sarih
سرحد,sarhad
سرگوشی,sargoshi
سرغنہ,sargana
سردی,sardi
سرداروں,sardaro
سردار,sardar
سراہتے,sarahtay
سراہے,sarahay
صراحةً,sarahat
سراہا,saraha
سارا,sara
سرکشی,sar kashi
سَر,sar
ثقہ,Saqha
سپید,saped
صعود,Saood
سنورے,sanwre
سنورنے,sanwarne
سنوارنے,sanwarnay
سنوارنا,sanwarna
سنواری,sanwari
سنواریں,sanwarain
سنور,sanwar
سردارو,sanwaar
سنوارا,sanvara
سنتا,santa
گیروں,sangsar
سنگدل,sangdil
سنگتیں,sangatain
سنگت,sangat
صندوق,sandooq
سنبھالا,sanbhala
سند,sanad
ثنا,Sana
ثناء,sana
سامری,samri
ثمود,samood
سلسلہ,samndron
سامنے,samnay
سامناہو,samnaho
سمجھتی,samjhti
سمجھتا,samjhta
سمجھو,samjhoo
سمجھنا,samjhna
چکنا,samjhi
مغفرت,samjhaye
سمجھے,samjhay
سمجھاؤ,samjhao
سمجھانے,samjhane
سمجھیں,samjhain
سمجھانا,samjhaana
سمجھا,samjha
سمیٹتے,samettay
سمیٹا,sameta
سنبھالے,sambhale
سنبھالنے,sambhalay
سمندر,samandar
سمجھتے,samajte
سمجھنے,samajhney
سمجھاتا,samajhata
سمجھ,samajh
سمیٹ,samaitt
سمیت,samait
سمائی,samai
سمائے,samaaye
سامان,samaan
سما,sama
سلویٰ,salwa
سلوی,Salwa
سلطنت,saltanat
سلسبیل,Salsabeel
صالح,Saleh
سلامتی,salamti
سلامت,salamat
سلام,salam
صلاح,Salah
سکتی,sakti
سکتیں,sakteen
سکتا,sakta
سکت,sakt
سکوں,sakoo
سکو,sako
سختیوں,sakhtiyon
سختی,sakhti
سمندروں,sakhta
سخت,sakht
سکیں,saken
سکینہ,sakeena
سکے,sakay
سکھاتا,sakata
سکا,saka
سجود,Sajood
ساجھا,sajha
سجدوں,sajdon
سجدہ,sajda
سجل,Sajal
سیر,sair
سائبان,saibaan
صاحب,sahib
صحیفوں,saheefon
صحیفے,saheefay
شہ,sahbzadyon
سہارا,sahara
سہل,sahal
صفیں,safen
سفیدی,safedi
سفر,safar
سفید,safaid
صفائی,safai
صفا,Safa
صف,saf
صدقے,sadqy
صدقہ,sadqa
صدمہ,sadma
گلوں,sadir
صدیقہ,Sadiqa
سدھایا,sadhaeya
آرہا,sachiyaan
سچی,sachhi
سچے,sachey
سچا,sacha
سچ,sach
سبزی,sabzi
سبزے,sabzay
سبزہ,sabza
سبز,sabz
صبرا,sabra
صبر,sabr
سبقت,Sabqat
صابر,sabir
سبیل,Sabeel
سبب,sabab
ثبات,Sabaat
السجد,Saba
سب,sab
پوجنا,saayon
سائے,saaye
ساتھی,saathi
ساٹھ,saath
ستا,saata
سات,saat
ساری,saari
سارے,saaray
ساق,saaq
سانپ,saanp
سامنا,saamna
سالن,saalan
سال,saal
ساکن,saakin
ساجھی,saajhi
ساگ,saag
صاف,saaf
سادھا,saadha
ثابت,saabit
سا,sa
رتبہ,rutba
رسوائی,ruswai
رسوا,ruswa
رستوں,rustoon
روپوں,rupoo
رلایا,rulaya
رکوع,ruku
رکی,ruki
رخصت,rukhsat
رکاوٹ,rukawat
رکا,ruka
رک,ruk
رجوع,rujoo
روگرداں,rugardan
روداد,rudaad
روبرو,rubaroo
رُسوا,rُswa
روزوں,rozon
روزی,rozi
روزگار,rozgaar
روزے,rozay
روزہ,roza
روز,roz
روئے,roye
روئیں,royain
روٹیاں,rotian
روتے,rotay
روزن,rosin
روشنی,roshni
روشن,roshan
رور,ror
روپ,roop
روند,roond
تمسخر,Roomi
روحیں,roohein
روح,rooh
رُو,roo
روندنے,rondnay
روندی,rondi
رونق,ronaqe
روکئے,rokye
روکتے,roktay
روکتا,rokta
روکو,roko
روکنے,roknay
روکنا,rokna
روک,rokkk
روکی,roki
روکے,rokay
روکیں,rokain
روکا,roka
روئی,roi
روحانی,Rohani
روگردانی,rogrdani
سچیاں,rogii
چاہتیں,rog
رعب,roab
رو,ro
رکھوایا,rkhwaya
رخنے,rkhne
رُکے,rُke
رزق,rizaq
ریتا,Rita
رشتوں,rishton
رشتے,rishte
رشتہ,rishta
رسالت,risalat
رند,rind
رگ,rigg
رچ,rich
رعایت,riayat
رگِ,rgِ
ریزہ,rezah
ریلا,reyla
قضا,reshmi
ریشم,resham
رینی,Reni
رہتے,rehtay
رہتا,rehta
رہنے,rehne
رہنا,rehna
رحمت,rehmat
رحمن,Rehman
رحمنٰ,rehman
اناج,rehman
رہن,rehan
رحم,reham
رہ,reh
رضامندی,razamandi
رضامند,razamand
رضا,Raza
رائے,raye
رواں,rawan
روا,rava
راتوں,raton
رتیلی,rateeli
رستے,raste
جوتی,rastay
راستہ,rasta
رستہ,rasta
رسی,rassi
رسولوں,rasoolon
رسولہو,rasooloh
رسول,rasool
رسیاں,rasiyaan
رسا,rasa
رسّا,rasa
رس,ras
رنج,ranj
رنگی,rangi
رنگت,rangat
رنگائی,rangai
رنگ,rang
راندے,rande
رمضان,ramadaan
رکھتی,rakhti
رکھتے,rakhtay
رکھتا,rakhta
رکھوں,rakhon
رکھو,rakho
رکھنے,rakhnay
رکھنا,rakhna
رخنہ,rakhna
رکھی,rakhi
رکھیں,rakhen
رکھے,rakhay
رکھا,rakha
رکھ,rakh
کھیتوں,rait
رائی,rai
رہوں,rahon
رہو,raho
رہنمائی,rahnumai
راہنما,rahnma
رحمتیں,rahmaten
راہب,Rahib
رہی,rahi
راہگیروں,rahgiron
رہیں,rahen
راہیں,rahein
رہے,rahay
رہا,raha
رگوں,ragon
رغبتی,raghbati
رغبت,raghbat
رفتگی,raftagi
رفتہ,rafta
رفیق,Rafeeq
رد,radd
رب,rab
راضی,raazi
راز,raaz
راتیں,raatain
رات,raat
راستوں,raastoon
راستی,raasti
رانگا,raanga
راندہ,raandah
رام,raam
رال,raal
راکھ,raakh
راحت,raahat
راہِ,raah e
راہ,raah
راعنا,ra-ana
قضائے,qzaye
قوتوں,quwatoon
بدکام,quwaten
قریش,Quresh
قربانیاں,qurbaniyan
قربانی,qurbani
قرب,qurb
قربِ,qurb
قرآن,quran
قرعہ,quraa
قدرت,qudrat
قبول,qubool
قرنوں,qrnon
قران,qran
قوت,qowat
قومیں,qoumain
قوم,qoum
قول,qoul
قولِ,qoul
قوموں,qomon
کامی,qlmin
قلعوں,qlaon
قیام,qiyam
قطار,qitaar
قصے,qissay
قصہ,qissa
قسمت,qismat
قسم,qisam
قلعے,qilay
قلعہ,qilah
قیدخانہ,qidkhanh
قبلہ,qibla
قحط,qeht
قیمت,qeemat
کھینچنا,qaza
قیامت,qayamat
قيامت,qayamat
قوی,Qawi
قومی,qaumi
ابتداء,qatrate
خبیث,qatee
قطعے,qatay
قتل,qatal
قتال,qataal
قطع,qata
قصر,qasr
قصور,qasoor
قسموں,qasmon
قصداً,qasdan
قصد,qasad
قرضدار,qarzdaar
اِترانے,qaroon
قریب,qareeb
قريب,qareeb
قراری,qarari
قرار,qarar
قرابت,qaraabat
قانون,qanoon
قنادیز,Qanadeez
قناعت,Qanaat
قلموں,qalmon
قالین,qaleen
قلبی,qalbi
قلم,qalam
قائم,qaim
قیدی,qaidi
قاعدے,qaiday
قید,qaid
قدری,qadri
قدموں,qadmon
قادر,Qadir
قدر,qader
قدم,qadam
قبضہ,qabza
قبض,qabz
قبروں,qabron
قبریں,qabrain
قابو,qaboo
قابلیت,qabliyat
قابل,qabil
قبیلے,qabeeley
قبر,qabar
قبل,qabal
قافلہ,qaafla
قٓ,q
پیاسے,pyase
پیاری,pyari
پیارے,pyare
پیارا,pyara
پیار,pyar
پیالہ,pyalaa
پیاز,pyaaz
پیاس,pyaas
پست,pust
دوبالا,pushti
پشت,pusht
پرندو,purzah
پرسش,pursish
پرانی,purani
پرانا,purana
پکارا,puraka
پورب,purab
پنچ,punch
پختہ,pukhta
پکارتے,pukarte
پکارنے,pukarnay
پکارنا,pukarna
پکارے,pukare
پکارتا,pukaarta
پکاریں,pukaarain
پکار,pukaar
پوجتے,pujte
پجاری,pujari
پہنچے,puhanche
پوچھتا,puchta
پوچھو,pucho
پوچھتے,puchhte
پگھلے,prndo
پڑھائیں,prhhayin
پڑگیا,prhgya
پڑچکی,prhchki
پہنچنے,pounchanay
پہنچا,pouncha
پکارو,poukaro
پوچھے,pouchye
پوچھوں,pouchon
پوچھیں,poucheen
پوتے,potay
پوتا,pota
پوشی,poshi
ریشمی,posheeda
پوشاک,poshak
پوش,posh
پوری,poori
پورا,poora
پور,poor
پورے,poooray
پونجی,poonji
پوجتا,poojta
پوجنے,poojnay
لپک,poojna
پوجیں,poojain
پوجا,pooja
پوچھنے,poochnay
پوچھنا,poochna
پوچھا,poocha
پوچھ,pooch
پہنچاؤ,ponchao
پکڑتا,pokarta
پوجوں,pojoun
پوجو,pojo
پہنچو,pohncho
پہنچاؤں,pohnchaon
پہنچیں,pohnchain
پہنچنا,pohanchna
پہنچی,pohanchi
پہنچائیں,pohanchayen
پہنچائے,pohanchaye
پہنچایا,pohanchaya
ف۱۰۵,pohanchate
پہنچاتا,pohanchata
پہنچانے,pohanchanay
پہنچتا,pohanchana
پہنچائی,pohanchai
پو,po
پیو,piyo
پئیں,piyen
پیئے,piye
پیاسا,piyasa
پیا,piya
پٹ,pitt
پیٹھوں,pithon
پیشانیوں,pishanyon
پیشانیاں,pishanyan
پرو,piro
پنڈلیوں,pindliyon
پنڈلی,pindli
پلائی,pilayi
پلایا,pilaya
پلاتے,pilate
خوار,pilata
پلانے,pilanay
پلائیں,pilain
پلائے,pilaaye
دائیاں,pila
پینا,piinaa
ادر,pighlay
پک,pick
پچھلوں,pichlon
پچھلے,pichlle
پچھلی,pichli
پچھلا,pichla
پچھم,picham
پی,pi
پھونکا,phuunkaa
پھرتی,phurti
پھرگئے,phrgye
پھری,phree
پھوڑ,phore
پھوپھیاں,phophyan
پھوٹا,phoota
پھوٹ,phoot
پھونکوں,phoonko
پھونک,phoonk
پھول,phool
پھونکی,phonki
پھنستا,phnsta
پھسلانا,phislana
پھرتے,phirtay
پھرتا,phirta
پھرو,phiro
پھرنے,phirnay
پھرنا,phirna
پھریں,phiren
پھیردیا,phirdya
پھرے,phiray
پِھرے,phiray
پھرا,phira
پھر,phir
پھیلائیں,philayin
پھیرتے,phertey
پھیرتا,pherte
پھیرو,phero
پھیرنا,pherna
پھیری,pheri
پھیرا,phera
پھینکتی,phenkti
پھینکیں,phenkay
پھینکا,phenka
پھیلایا,phelaya
پھیلاتا,phelata
پھیلاؤ,phelao
پھیلانے,phelanay
پھیلائے,phelaaye
پھیلا,phela
پھینک,pheink
پھیلاتے,pheilatay
پھٹ,phatt
پھٹکار,phatkaar
پھٹے,phatay
پھٹکنا,phatakna
پھٹک,phatak
پھٹا,phataa
پھاڑنے,pharnay
پھانسی,phansi
بہلاووں,phansay
پھندے,phandey
پھندا,phanda
پھلوں,phalon
پھلے,phalay
پھل,phal
پھیرنے,phairnay
پھیریں,phairen
پھیرے,phairay
پھیر,phair
پھیلی,phaily
پھیلے,phailay
پھیلائی,phailai
پھیل,phail
پھاڑ,phaar
پیادہ,peyadah
پیالوں,peyaalon
پیشوائی,peshwai
پیشوا,peshwa
پیشانی,peshani
نمازیوں,pera
پیمانہ,pemana
پہرے,pehray
پھینکی,pehnki
پہنیں,pehnein
پہنایا,pehnaya
پہناوا,pehnawa
پہننا,pehnana
پہلو,pehlu
پہلوں,pehloo
پہلی,pehli
پہلے,pehlay
پہلا,pehla
پہچانتے,pehchante
پہچانتا,pehchanta
پہنچاسکیں,pehchansaken
پہچانی,pehchani
پہچانیں,pehchanen
پہچانے,pehchane
پہچانا,pehchana
پہچان,pehchan
پہر,pehar
پہنتے,pehantay
حسرتوں,pehal
پیٹھ,peeth
پیتے,peetay
پیتا,peeta
پیس,pees
پیروں,peeron
پیپ,peep
پینے,peenay
پیلی,peeli
پیچھے,peechay
پیچھا,peecha
پیدا,peda
پیچے,pechay
پائی,payi
پیغمبروں,payghambaroon
پائیں,payen
پائے,paye
پیام,payam
پیامِ,Payam
پے,pay
پتی,patti
پتے,pattay
پتّا,patta
پتلا,patla
پتھراؤ,pathrao
پتھروں,patharon
پتھر,pathar
پٹھا,patha
پتنگے,patangay
پتہ,pata
پاسکتے,paskte
پشیمان,pasheman
پسندیدہ,pasandeeda
پسند,pasand
پس,pas
پرورش,parwarish
پروانگی,parwangi
پروان,parwan
پرواہ,parwah
پروا,parwa
پروردگار,parvar-digaar
پڑتے,parte
پڑتا,parta
پڑو,parro
پڑیں,parrin
پڑے,parre
پروں,paron
پڑنا,parna
پرلے,parlay
پرکھ,parkh
چیونٹیو,parindon
پرندے,parinday
پرند,parind
پڑی,pari
پڑھتے,parhte
پڑھتا,parhta
پڑھوں,parhon
پڑھو,parho
پڑھنے,parhnay
پڑھنا,parhna
پڑھی,parhi
پڑھیں,parheen
پڑھے,parhay
پڑھانے,parhanay
پرہیزگار,parhaizgaar
پرہیزگاروں,parhaiz garon
پرہیزگاری,parhaiz gari
پرہیز,parhaiz
پڑھا,parha
پڑھ,parh
پریشانی,pareshani
پریشان,pareshan
پردیسی,pardesi
پردے,parday
زید,pardaghi
پردہ,parda
پرچھائیاں,parchaiyan
پرستوں,paraston
پرست,parast
اثر,Parah
چکانے,paragandah
پڑا,para
پرا,para
پڑگئی,par gai
پر,par
پڑ,par
پاؤں,paon
پاؤ,pao
پانسے,panse
پنا,panna
پانی,pani
پند,pand
پانچویں,panchwin
پانچواں,panchawan
پانے,panay
پناہ,panah
پن,pan
پامال,pamaal
پلٹے,palty
پلٹو,paltoo
پلٹا,palta
پلے,pallay
پلہ,palla
پلید,palidh
پلٹتے,palatne
پلٹنے,palatnay
بجھ,palatna
پلٹ,palat
پلک,palak
ناواقف,pal
پکڑو,pakro
پکڑی,pakri
پکڑیں,pakren
پکڑا,pakra
بہلاؤ,paknay
پکنا,pakna
پکا,pakka
پاکیزگی,pakizgee
پاکی,paki
پکی,paki
پکڑلیا,pakerliya
پاکیزہ,pakeeza
پکڑے,pakdae
پکے,pakay
پکڑ,pakar
پکاکر,pakaker
پاک,pak
پیٹوں,paiton
پیٹ,pait
پیش,paish
پیروی,pairwi
پیڑ,pairr
پیرو,pairo
پیمان,Paiman
پَیر,paiir
پیر,paiir
پیغمبر,paighambar
پیغمبری,paigambri
پیدائش,paidaiesh
پہنچتی,pahunchti
پہنچتے,pahunchte
پہنچانا,pahunchana
پہنچوں,pahuchoon
پہرا,pahra
پہاڑوں,pahoron
پہنچ,pahonch
پہنائے,pahnaye
پہچاؤ,Pahchao
پہاڑ,pahar
خُرما,pahannay
پڑتی,padtee
پادریوں,padrion
پچھتائے,pachtaye
پچھتاوے,pachtaway
دسویں,pachtane
پچھتاوا,pachtaawa
پچھتاتے,pachhtatey
جھٹلاؤ,pachaas
پابند,paband
پایا,paaya
صحن,paati
پاتے,paate
پاتا,paata
پاش,paash
پاس,paas
پارسائی,paarsai
پارسا,paarsa
پار,paar
پانچ,paanch
پالنے,paalne
پالا,paala
چرواہے,paal
پادری,paadri
پا,pa
پہناوے,p_hnave
پہناتے,p_hnate
پہاڑیاں,p_harhyan
اوروں,ouron
اَوروں,ouron
اوڑھ,ourh
اونچے,ounchay
اونچا,ouncha
اوگائیں,ougaien
حوضوں,other
اوسط,ost
اوڑھنے,orhanay
اوڑھا,oorha
اوپری,oopri
اوپر,oopar
اونٹنی,oontni
اونٹ,oont
اون,oon
اونٹنیاں,ontniyan
اونجالے,onjalay
اونگھ,ongh
ےٴ,ondha
اونچی,onche
عمرہ,omra
اولے,olay
خوشحبری,ogatay
اوس,oas
و,o
نواسے,nwase
نطفہ,nutfa
نقصان,nuqsaan
نمو,numoo
نتا,nta
نصیحتوں,nsihton
نصیحتیں,nsihtin
نوٹ,note
نوشتہ,noshta
نور,noor
نوح,Nooh
نوکر,nokar
نوجوانوں,nojawanon
نوجوان,nojawan
نو,no
نِکو,nko
نخواہ,nkhwah
نکالتی,nkalti
نیت,niyat
نشانیوں,nishanion
نشانی,nishani
نشانیاں,nishanain
نشانہ,nishana
نشان,nishaan
نسبت,nisbat
نرا,nira
نِرا,nira
ننانوے,ninanway
نکلو,niklo
نکلنے,niklny
نکلیں,nikleen
نکلے,niklay
نکلنا,niklana
نکلا,nikla
نکھارکر,nikkhar kar
نکمی,nikammi
نکالو,nikalu
نکلتی,nikalti
نکالتے,nikaltay
نکلتے,nikaltay
نکلتا,nikalta
نکالتا,nikalta
نکالنا,nikalna
نکالیں,nikalen
نکالے,nikalay
نکالا,nikala
نکل,nikal
نکاح,nikah
نکالنے,nikaalte
نکالی,nikaali
نکال,nikaal
نکا,nika
نجات,nijaat
نیلی,niilii
نہایت,nihayat
نہاں,nihaan
نگہداشت,nighdasht
نگلنے,nighalnay
نگہبانی,nigehbani
نگہبان,nigehbaan
نگاہیں,nigehain
نگل,nigal
نگاہوں,nigahon
نگاہ,nigah
نفاق,nifaq
نڈر,nidar
ندا,nida
نباہنے,nibaahane
نیاز,niaz
نگا,ngaa
نیو,new
نشانوں,neshano
نعمتوں,nematon
نعمت,Nemat
حصے,nekokaar
نیکی,neki
نہریں,nehrein
نہر,neher
نیگ,neg
نیز,neez
نیویں,Neeween
نیند,neend
نیچی,neechi
نیچے,neechay
نیچا,neecha
نے,ne
نچوڑتا,nchorhta
نبٹا,nbta
نذر,nazir
نازل,nazil
نزدیکیوں,nazdikiyon
نزدیکی,nazdeeqi
نزدیک,nazdeek
نظر,nazar
بدلو,Nazar
نازاں,Nazaan
ناز,naz
نئے,naye
نیازی,nayazi
نیا,naya
نوازا,nawaza
نواز,Nawaz
سمجھی,nawaqif
خریدتے,natwani
ناطق,Natiq
نصرانیوں,nasranion
نصرانی,nasrani
نسلی,nasli
نصیبہ,Nasiba
ناشکرے,nashukray
ناشکرا,nashukara
نشین,nasheen
نشے,nashay
نشہ,nasha
نصیحت,naseehat
نصیبی,naseebi
نصیب,naseeb
نصاری,nasari
نصاریٰ,nasari
نسر,nasar
ناسمجھ,nasamajh
نسل,nasal
نرمی,narmi
نری,nari
ناراضی,narazi
نرے,naray
نرم,naram
ناراض,naraaz
نر,nar
نقشے,naqshay
نقشہ,naqsha
نقش,naqsh
ناقہ,naqa
ناپسند,napasand
ناپاک,napak
ناپاکی,napaaki
ننگا,nanga
نان,nan
ناموری,namwari
نامراد,namuraad
نمود,namood
نمونہ,namona
نمازوں,namazon
سنی,namazion
نمازی,namazi
نمازیں,namazain
نمازِ,namaz-e
نماز,namaz
نامردی,namardi
نامہ,nama
نالائق,nalaiq
نالا,nala
نیکیوں,nakiyon
ناخوش,nakhush
ناخلف,nakhlf
ناکے,nakay
ناکام,nakaam
نجاست,najasat
ناجائز,najaaiz
نیزے,naizay
ناانصافوں,nainsafoon
نیکوکاروں,naiko karon
نیکو,naiko
نیکیاں,naikian
نیک,naik
نائب,naib
نئی,nai
پلٹنا,nahosat
نهیں,nahin
نہیں,nahi
نہيں,nahi
نہائے,nahaye
نہانے,nahanay
نہ,nah
ناگواری,nagwari
ناگوار,nagawaar
ناگاہ,nagah
نفس,nafs
نفرت,nafrat
نفقہ,nafqa
نفع,naffa
جھیلتی,nafees
نافرمانیوں,Nafarmanion
نافرمانی,nafarmani
نافرمان,nafarman
نافرماں,nafarmaan
نعمتیں,naematain
ندیاں,nadyaan
ناداری,nadari
نادانی,nadani
نادار,nadaar
نادان,nadaan
ناچار,nachar
ناچاقی,nachaki
نبوت,nabuwat
نابود,nabood
نبیوں,nabiyo
نابینا,nabina
نبی,nabi
معیّن,naazuk
ناتواں,naatvaan
ناقص,naaqis
ناپ,naap
نامور,naamwar
ناموں,naamon
نام,naam
نالے,naalay
ناخن,naakhun
ناک,naak
ناانصافی,na-insafi
ناحق,na-haq
ناامید,na umeed
ناشکری,na shukri
ڈرا,na shukar
ناخوشی,na khushi
نافرمانوں,na farmanoon
نادانستہ,na danista
نا,na
مضطرب,muztarib
مذمت,muzammat
مضائقہ,muzaika
میسر,muyassar
مواخذہ,muwakhza
متوسط,Mutwast
متوجہ,mutwajjah
مطمئن,mutmaen
مٹھی,muthi
متحمل,muthammil
متفق,mutfiq
برخاست,Mutee
متکبر,mutaqabbir
مطالبہ,mutalba
مطلع,mutala
بھتیجوں,mutafarraq
مطابق,mutabiq
مستحق,mustahiq
ہدہد,muskura
مصیبتوں,musibaton
مشرک,mushriq
مشرکوں,mushrikon
مشکل,mushkil
مشک,mushk
مشعر,Musher
مشاورت,mushawarat
مشقت,mushaqqat
مصیبت,museebat
مژدہ,Musda
مسندیں,musannaden
سنگار,musalsal
مسلمانوں,musalmanoon
مسلمانو,musalmano
مسلمان,musalman
مسلط,musallat
مصاحب,musahib
مسافروں,musafiron
مسافر,musafir
چیونٹیوں,murr
مرجھائی,murjhaye
مردے,murdy
مردار,murdaar
مردہ,murda
مرادوں,muradon
مقتدی,Muqtadi
مسلسل,muqeem
مقرر,muqarrar
مقررہ,muqarara
مقر,muqar
مُقِر,muqar
مقدمہ,muqadma
مقدر,muqaddar
مقابلہ,muqaabla
منتظر,muntazir
منکروں,munkiroon
منکر,munkir
مناسب,munasib
منقش,munaqash
منافقوں,munafiqon
منافق,munafiq
منادی,munaadi
منہ,mun
دہنے,mulazmat
ملائکہ,mulaika
مختلف,mukhtalif
مختار,mukhtaar
مخالف,mukhalif
مخالفت,mukhalfat
مقررکر,mukarkar
مجرموں,mujrimon
مونھوں,mujrimo
مجرم,mujrim
مجرے,mujray
مجھی,mujhi
مجھے,mujhe
مجھ,mujh
مجرا,mujara
محیط,muheet
مہیا,muhayya
مہاجرین,muhajreen
محافظ,Muhafiz
اگاتی,mughfirat
مفلسی,muflisi
مفصل,mufasil
مدین,Mudin
مدتوں,muddaton
مدت,muddat
مبارک,mubarak
مباہلہ,mubahla
معزز,Muaziz
جوروئیں,muayyan
معائنہ,muaina
معافکر,muafkar
متکبروں,mtkbron
مشرکہ,mshrk_h
مرجاتا,mrjata
مرجاؤں,mrjaon
مریں,mrin
مرادیں,mradin
مرا,mra
موضع,moza
موت,mout
موڑ,mourr
مورت,mourat
موج,mouj
موتی,moti
معتمد,motamad
موسلا,mosla
مور,more
موڑے,moray
مراد,morad
موقوف,moqoof
موقعوں,moqaon
موسیٰ,moose
مورتیں,moorten
مولیٰ,Mooli
معتبر,mooatbar
مونہوں,monhon
مونگا,monga
منی,money
ممانعت,momanat
مولوں,moloon
مول,mol
موجود,mojood
محتاجوں,mohtajon
محتاجی,mohtaji
محتاج,mohtaaj
مہلت,mohlat
مہر,mohar
مہُر,mohar
محمد,Mohammad
محکم,mohakam
مہاجر,mohajir
محبت,mohabbat
معذرت,moazrat
مؤاخذہ,moakhza
موجوں,moajoon
معاہدہ,moahida
مندو,mndo
ملّت,mllt
ملِک,mlِk
ملتے,mlitay
مجلسوں,mjlson
مزاج,mizaaj
انتہا,miyana
میاں,miyan
مٹنا,mitna
مٹاتا,mitata
مٹا,mita
مٹ,mit
مثل,misl
مسکینوں,miskeeno
مصر,misar
مثالیں,misalein
مثال,misaal
جِنوں,miqdaar
منت,minnat
میںآ,minaa
ملتا,milta
ملنی,milni
ملنے,milnay
ملنا,milna
ملتی,millti
ملی,mili
ملے,miley
ملیں,milein
ملائے,milaye
ملایا,milaya
ملاوٹ,milawat
ملاؤ,milau
ملاتے,milatay
مِلاتا,Milata
ملاپ,milaap
ملانے,milaane
ملا,mila
مِلا,mila
مل,mil
میل,mil
میکائیل,mikaeel
مہیاکر,mhyakr
مہرکر,mhrkr
پالکوں,mhmandari
یاس,mhajron
مفسدوں,mfsdon
میعاد,meyaad
میوے,meway
دوری,mewa
میری,meri
میرے,mere
میرا,mera
منات,menat
میلے,melay
میں,mein
ميں,mein
محو,mehv
محرم,Mehram
محنت,mehnat
مہمانوں,mehmanon
مہمانی,mehmani
محلوں,mehloon
محفوظ,mehfooz
محض,mehez
محبوب,mehboob
مہربانی,meharbani
مہربان,meharban
مہربانوں,meharbaanoun
محل,mehal
میٹھا,meetha
میٹ,meet
میراث,meeras
مینھ,meenh
مینہ,meen
مکہ,mecca
برتتے,mean
مضمون,mazmoon
مظلوم,mazloom
مذکور,mazkoor
مزدوری,mazdoori
مضبوطی,mazbooti
مضبوط,mazboot
مذاق,mazaaq
مزہ,maza
مزا,maza
مایوس,mayoos
مویشیوں,maweshion
مویشی,maweshi
موافق,mawafiq
مولا,maula
مٹی,matti
مطلب,matlab
متاع,Mataa
مت,mat
مستی,masti
مصرف,masraf
مسور,masoor
مسمار,masmaar
متفرق,maslan
مسئلہ,masla
مسخرہ,maskhara
مسخر,maskhar
مسکین,maskeen
مسجدوں,masjidoon
مسجدیں,masjiden
مسجد,masjid
معصیت,masiat
مشوروں,mashwaron
مشورے,mashwaray
مشورت,mashwarat
مشرقوں,mashriqon
مشرق,mashriq
مشغول,mashgool
مشغلہ,mashgala
مسح,maseh
مسیح,maseeh
مرضی,marzi
مرض,marz
مریم,maryam
مروہ,marwah
ماروت,Maruat
مارتی,martii
مرتے,martay
مرتبہ,martaba
مروں,maroon
معروف,Maroof
مارو,maro
مرو,maro
مرنے,marnay
مرنا,marna
مرجاؤ,marjao
مرجع,marja
مرے,marey
رومی,marey
مریض,mareez
مردود,mardood
مردوں,mardon
مرَدو,mardo
مرد,mard
ماریں,marain
مارا,mara
مر,mar
مقتول,maqtool
مقصود,maqsood
معقول,maqool
مقدوری,maqdoori
مقدور,Maqdoor
مقبول,maqbool
مقرب,Maqarrab
مقربِ,maqarrab
مقام,maqam
مقابل,maqabil
ماپ,map
منظور,Manzoor
منزلوں,manzlon
منزلیں,manzilain
بہایا,manzil
مانو,manu
مانتی,manti
مانتے,mantay
منسوخ,mansookh
منصوبے,mansoobay
مانوس,manoos
منتیں,mannatain
من,mann
منکوحہ,mankoha
مانند,manind
سمجھائے,manhoos
مانگتے,mangte
مانگتا,mangta
مانگو,mango
مانگنے,mangnay
طاقتور,mangi
مانگیں,mangeen
مانگے,mangay
مانگا,manga
مانیں,manen
مندوں,mandoon
منڈاؤ,mandao
مند,mand
منائے,manaye
مانے,manay
مناتے,manate
منانا,manana
مانا,mana
منع,mana
منا,mana
امر,mamu
مملوک,mamlook
معلوم,maloom
مالوں,malon
مالکوں,malikon
مِلک,Malik
ملک,malik
مالداروں,maldaron
مالدار,maldaar
ملامت,malamat
مکروہ,makrooh
ڈھانپے,makri
مکر,makr
مخلوقات,makhloqaat
مخلوق,makhlooq
مکھی,makhi
مخبوط,makhboot
مکانوں,makanon
مکانات,makanaat
مکان,makaan
ماجوج,majooj
مجنون,Majnoon
مجلس,majlis
مجبوری,majboori
مجبور,majboor
میت,maiyat
معراج,mairaaj
مینڈک,maindak
معمار,maimaar
میخیں,maikhain
معنی,maienay
میدان,maidan
مشورہ,mahswara
محروم,mahroom
مہینوں,mahino
مہینے,mahinay
مہمان,maheman
مہینہ,maheena
محال,mahaal
ماہ,mah
مغرور,maghrour
مغرب,maghrib
مغلوب,maghloob
مگر,magar
معافی,maffi
مائل,mael
مدینہ,madinah
مادر,madar
مادہ,madah
مددگار,madadgaar
مدد,madad
مچھلیاں,machhliyan
مچھلی,machhli
مچے,mache
مچاتے,machate
مچھر,machar
مچا,macha
مچ,mach
معبود,mabood
معبودوں,mabodon
ماتھے,maathey
ماتھا,maatha
مارتے,maartay
مارتا,maarta
مارنے,maarny
مارنا,maarna
ماری,maari
معرفت,Maarfat
مارے,maaray
مار,maar
ماؤں,maaon
مانتا,maanta
ماننا,maanna
مانی,maani
مانگوں,maanguu
مانگتی,maangti
مانگ,maang
مناؤ,maanao
ماننے,maan-ne
مان,maan
معمور,maamoor
معاملوں,maamlon
معاملہ,maamla
مالک,maalik
مال,maal
معاف,maaf
مائیں,maaen
ماں,maa
ما,ma
لواور,lwavr
لطف,lutaf
باریکی,luqman
لبھاتی,lubhati
لبھانا,lubhana
لویہ,loyh
لویا,loya
لوٹ,lout
لوٹتے,lottay
لوتو,loto
لوٹو,loto
لوٹیں,loten
لوٹایا,lotaya
لوٹا,lota
لوط,Loot
لوح,looh
لُو,loo
لونڈی,londi
لوں,lon
لوہے,lohay
لوہا,loha
لوگوں,logon
لوگو,logo
لوگے,logay
لوگ,log
لُوکا,loca
لواپنے,lo apnay
لواللہ,lo Allah
لو,lo
لنگڑے,lngrhe
لئے,liye
لیے,liye
لیئے,liye
لیا,liya
لٹایا,litaya
لیںاور,linavr
لموں,limoon
لله,lillah
پھروگے,likhte
لکھنے,likhnay
لکھنا,likhna
لکھی,likhi
لکھائے,likhaye
لکھے,likhay
لکھاتا,likhata
لکھیں,likhain
لکھا,likha
لکھ,likh
لباس,libaas
لیاتھا,lia tha
لیاہے,lia hai
لی,li
لہ,lh
لگارتار,lgartar
لگادیتے,lgadite
لیٹے,letey
لیتے,letay
لینا,lena
لیں,len
لیکن,lekin
لیکر,leker
لہروں,lehron
پرندوں,lehrata
لحاظ,lehaaz
لے,le
لچھن,lchhn
لبھایا,lbhaya
یتی,laﺗﯽ
لذت,lazzat
لازم,lazim
لیتی,layte
لائینگے,layinge
لائی,layi
لائیں,layein
لایا,laya
لوٹے,lautay
لوٹتی,lautade
لاؤں,lau
لٹکا,latka
لاٹھیاں,lathyan
لاتی,latayen
لاتعلق,latalq
لاتا,lata
لاسکیں,laskin
لشکروں,lashkaron
لشکر,lashkar
لڑتے,lartay
لڑتا,larta
لڑے,larray
لڑو,laro
لڑنے,larnay
لڑنا,larna
لڑکوں,larkoon
لڑکیوں,larkiyon
لڑکیاں,larkiyan
لڑکی,larki
لڑکے,larke
لڑکا,larka
لڑیں,laren
لڑائی,larai
لقا,Laqa
لپیٹی,lapeti
لپٹ,lapat
لپکتے,lapaktay
لپیٹ,lapait
لاؤ,lao
لنگر,langar
لانا,lana
لمبی,lambi
لمبے,lambay
لمبا,lamba
للچانے,lalchanay
لالچ,lalach
لکڑیوں,lakrion
لکھتکر,lakhtkar
لکیر,lakeer
لیتا,laita
لائق,Laiq
لینے,lainay
لین,lain
لگو,lagu
لگتی,lagti
لگتے,lagtay
لگتا,lagta
لگوں,lagoon
لگی,lagi
لغزش,laghzish
لگے,lagey
لگیں,lagen
لگائیں,lagayen
لگائے,lagaye
لگایا,lagaya
لگاتے,lagatay
لگاتار,lagataar
لگاؤ,lagao
لگانا,lagana
دیمک,lagan
امداد,lagai
لگادی,lagadi
لگاتا,lagaata
لگا,laga
لگ,lag
لفظوں,lafzon
لفظ,lafz
لفت,laft
لٹکتی,ladkhadte
لادے,lade
لاچار,lachaar
لب,lab
لائے,laaye
لاتے,laatay
لات,laat
لاش,laash
لانے,laane
لعنت,laanat
لام,laam
لعل,Laal
لاکھ,laakh
لاگت,laagat
لا,laa
جنبش,la-haq
کیوں,kyun
کیاہو,kyaho
کیا,kya
کيا,kya
کتے,kuttay
کتا,kutta
لگن,kuti
کشادگی,kushadgi
کشادہ,kushadah
کرسی,kursi
کنوئیں,kunwein
کنویں,kunvey
کنڈے,kunday
کنبہ,kunba
قفل,kufl
کفر,kufar
کفار,kufar
شامل,kuchal
کچیل,kuchail
کچھ,kuch
کوا,kuaa
کرتوتوں,krtoton
کرسکو,krsko
کرئے,krea
کوزے,koze
کوتمہارے,kotmharay
کوتکوں,Kotkoon
کوشش,koshish
کوڑے,korray
کوری,kori
کوڑا,kora
کوتک,kootak
کود,kood
کونسی,konsi
کونسا,konsa
کونچیں,koncheen
کون,kon
کوئیبے,koiyebay
کوئی,koi
کوہ,koh
کودا,koda
کوچیں,kochin
کو,ko
کنجیاں,knjyan
کنبے,knbe
بندھاتے,kmzoron
کمائیوں,kmayyon
خدا,kkhuda
کیےٴ,kiye ?
کئے,kiye
کیے,kiye
جٕلاتا,kiyari
کِیا,kiya
کتنی,kitni
کتنے,kitney
کتنا,kitna
کتابوں,kitabon
کتابیوں,kitabiyon
کتابیو,kitabio
کتابی,kitabi
کتابیں,kitaaben
کتاب,kitaab
کسی,kisi
کسے,kisay
کسانوں,kisanon
کس,kis
کیونکر,kionkar
کینے,kinay
کناروں,kinaroon
کنارے,kinare
کنارہ,kinara
کن,kin
کیلوں,kilon
کلنی,kilne
کیجئے,kijiyej
کفایت,kifayat
کدھر,kidhar
کی,ki
خی,khy
خواہش,khwahish
خواه,khwah
خواہوں,khuwahon
خواہ,khuwa
خوشیاں,khusihyan
خوشنودی,khushnodi
خشکی,khushki
خوشخبری,khushkhabri
خشک,khushk
خوشی,khushi
چیرتی,Khushgawar
خوشبو,khushbu
خوشگواری,khush gawari
خوش,khush
خرما,Khurma
بٹانے,khurma
خمار,khumar
کھلتی,khulti
کھلم,khullam
کھلی,khuli
کھلے,khulay
خلاصی,khulasi
مہمانداری,khulasa
کھلا,khula
خفیہ,khufia
خداؤں,khudaon
خودمختار,khud mukhtar
خود,khud
خطبے,khtbe
خاتمہ,khtama
خریدلیے,khridlie
کھوئی,khoyi
کھوئے,khoye
کھوٹے,khote
خوری,khori
خوراک,khoraak
خور,Khor
خون,khoon
کھولا,khoola
خوبیوں,khoobiyon
خوبیاں,khoobiyan
خوبی,khoobi
خوب,khoob
خوں,khoo
خو,khoo
خونریزیاں,khonrezyan
چیونٹی,kholti
کھولتے,kholtey
کھولتا,kholta
کھولنے,kholnay
کھولنا,kholna
کھولی,kholi
جڑا,kholeen
کھولے,khole
کھول,khol
کھوہ,khoh
خوبصورت,khobsorat
کھو,kho
خُو,kho
کھیتیاں,khityan
کھسکا,khiska
کھینچیں,khinchin
کھلتا,khilta
کھلنے,khilnay
کھلنا,khilna
کھلاؤ,khilao
کھلانے,khilanay
ہوگا,khilain
خلافت,khilafat
خلاف,khilaaf
کھل,khil
خدمت,khidmat
کھچا,khicha
خفی,khfi
خیر,kher
کھینچتے,khenchte
کھینچنے,khenchnay
یسٰں,khenchna
کھینچی,khenchi
کھیلتا,kheltaa
کھلاتے,khelati
کھلاتا,khelata
کھیلیں,khelain
کھیتیوں,kheetion
کھینچ,khech
خزانوں,khazanon
خزانچی,khazanchi
خزانے,khazanay
خزانہ,khazana
کھائی,khayi
کھائیں,khayen
کھائے,khaye
خائب,khayb
خیانت,khayanat
خیالوں,khayalon
خیال,khayaal
کھایا,khaya
خواری,khawari
حِس,khawar
خاوند,khawand
خوان,khawan
خواہشوں,khawahishon
خواب,khawab
خوف,khauf
خطرے,khatray
خطرہ,khatrah
کھٹکا,khatka
کھاتی,khati
کھاتے,khatay
خطاوار,khatawar
خطاؤں,khataon
ختم,khatam
کھٹکتی,khatakti
خطاکار,khatakaar
خطائیں,khataien
خطا,khata
کھاتا,khata
مطیع,khat
کنیز,khasusiyat
خاصوں,khason
خاسر,Khasir
خسارے,khasaray
خسارہ,khasara
کھڑے,kharray
خُرجی,kharji
خرجی,kharji
خریدی,kharidi
خریداری,kharidari
کھڑی,khari
کھری,khari
خریدیں,khareedain
خریدا,khareeda
خرید,khareed
اگایا,kharedtay
خرچ,kharch
خرچنے,kharachnay
خرابی,kharabi
خراب,kharab
کھڑا,khara
کھاؤ,khao
خانگی,khangi
کھانے,khanay
خانہ,khanah
خانے,khanaay
کھانا,khana
خاموش,khamosh
خلق,Khalq
خُلق,khalq
خالص,khalis
خلف,Khalf
کھالیں,khalen
کھجوروں,khajoron
کھجوریں,khajooren
کھجور,khajoor
استادی,khaiton
کھیتی,khaiti
کھیت,khait
خیرات,khairaat
خیرخواہ,khair khwah
خیموں,khaimon
کھیلتے,khailtay
کھیلے,khailay
کھیل,khail
خادم,khadim
خچر,khachar
خبروں,khabron
خبریں,khabrain
جائزہ,khaberi
پل,khabees
خبردار,khabardaar
خبر,khabar
خاص,khaas
کھاری,khaari
راستے,khaanoon
کھانوں,khaano
خام,khaam
کھالوں,khaalon
خوشگوار,khaaliq
خالی,khaali
کھال,khaal
خاک,khaak
کھا,kha
کرے,kere
کرّے,kere
کیلے,kelay
کہتی,kehti
کہتے,kehte
کہتا,kehta
کہنے,kehnay
کہنا,kehna
کہہ,keh
کینہ,keena
کیچڑ,keechar
کیں,kee
کیلئے,ke liye
کے,ke
کہ,ke
کبیرہ,kbirh
کئی,kayi
کاوش,kawish
کوے,kaway
کاوشیں,kavshin
کاٹو,katu
کترائے,katray
کترا,katra
کاٹے,katay
کٹے,katay
کٹ,kat
کستا,kasta
کثرت,kasrat
قسمیں,kasmain
چھلکے,kashtiyon
کشتیاں,kashtiyan
کشتی,kashti
کشائش,kashaish
کاش,kash
قرض,karzzzz
کڑوی,karvi
کروٹیں,karvatein
کروٹ,karvat
کرتوت,kartoot
کرتیں,kartin
کرتی,karti
کرتے,karte
کُرتے,karte
کرتا,karta
کُرتا,Karta
کارساز,karsaaz
کروں,karoon
کاروں,karon
کروگے,karogay
اتارنا,karobari
کرو,karo
کرنی,karni
کرنے,karne
کرنیوالوں,karnay walon
کرنا,karna
کرکے,karkay
کرجائیں,karjayen
کرجائے,karjaye
کرّی,kari
کڑی,kari
کریں,karen
کریگا,karega
کریم,kareem
کریدی,kareedi
کریدتا,karedta
کاربند,karband
کراؤ,karao
کرانا,karana
کرم,karam
کرائی,karai
کرادی,karade
کرا,kara
کرّا,Kara
لگائی,kar saken
کرسکے,kar sakay
کررہے,kar rahay
کر,kar
کپڑوں,kapron
کپڑے,kapray
کانٹے,kantay
کنکر,kanker
کنجوس,kanjoos
کنگن,kangon
تکو,kaneez
کمزوری,kamzoree
کمزور,kamzor
کامیوں,kamyoon
کامیابی,kamyabi
کامیاب,kamyaab
کاموں,kamon
کمینوں,kaminiye
سنگسار,kaminey
کمی,kami
کمائے,kamaye
کمایا,kamaya
کماتے,kamate
کمر,kamar
کماؤں,kamaon
کماؤ,kamao
کمانے,kamanay
کمانا,kamaana
کمال,kamaal
کمائیں,kamaain
کمائی,kamaai
کم,kam
کلمے,kalme
کلمہ,kalma
کلائیاں,kalayan
کالے,kalay
کلام,kalaam
کالا,kala
کل,kal
ککڑی,kakri
کجی,kajji
میانہ,kaj
کیسی,kaisi
کیسے,kaisay
کیسا,kaisa
کہوں,kahoon
کاہو,kahoo
کہو,kaho
کہلانا,kahlana
کہیں,kahin
کاہلی,kahili
کہی,kahi
کہے,kahe
کہاوت,kahawat
کہانیاں,kahaniyan
کہاں,kahan
کہا,kaha
کاغذ,kaghaz
کافرو,kafroo
کافور,kafoor
کافروں,kafiroon
کافر,kafir
کفارہ,kaffara
کڑیاں,kadiyaa
کدو,kaddu
کدے,kadde
کڑک,kadak
کبھی,kabhi
کب,kab
کاٹوں,kaaton
کاٹنی,kaatni
کاٹی,kaati
کاٹتے,kaatetay
کاٹیں,kaatein
کاٹا,kaata
کاٹ,kaat
کانٹوں,kaanton
کانپتی,kaanpti
کانپے,kaanpay
کانوں,kaanon
کان,kaan
کامل,kaamil
جانتی,kaami
کام,kaam
کاہے,kaahe
کافی,kaafi
کعبہ,kaaba
کا,ka
کہاوتیں,k_havtin
جوئے,juye
جھٹلاتے,jutlatay
بچھاؤ,jutlana
اژدہا,jutata
جرأت,jurrat
جرم,jurm
جڑے,jurey
جڑاؤ,jurao
کیابے,jura
آفرینش,junoon
جنوں,junoo
سوجھتانہیں,junoo
جنگل,jungle
جنگی,jungi
جنگ,jung
شئے,junbish
جمعہ,jummay
جھکائے,jukaye
جفت,juft
جدا,judda
جدائی,judai
جُدا,juda
جوا,juaa
جتا,jta
جوئیں,joyen
جوش,josh
جورو,joru
جوڑوں,joron
جوڑو,joro
جوڑنے,jornay
جوڑتے,jorhte
جوڑے,jore
جوڑا,jora
جوڑ,jor
ٹوٹ,jooti
جوتے,jootay
جوگی,jogi
جودی,Jodi
جوبن,joban
جو,jo
جیوں,jiyun
جیئں,jiyen
جیئے,jiye
جئے,jiye
جتنی,jitni
جتنے,jitne
جتنا,jitna
جَست,jist
جسم,jism
جسے,jisay
جس,jis
جنس,jins
جنکی,jinki
جنکے,jinke
جنہوں,jinhon
جنھوں,jinhon
مکڑی,jinhen
جنہیں,jinhein
جنے,jinay
جنا,jina
جنکو,jin ko
جن,jin
جَن,jin
جم,jim
جِلا,jilla
جیے,jie
جدھر,jidhar
جبریل,Jibreel
جھٹلاتا,jhutlata
جالے,jhutlao
جھٹلانے,jhutlanay
جھٹلائیں,jhutlain
جھٹلا,jhutla
جھوٹے,jhutay
جھرمٹ,jhurmat
جھکتی,jhukti
جھکو,jhuko
جھکنا,jhukna
جھکیں,jhuken
جھکے,jhuke
جھکایا,jhukaya
جھکتے,jhukatey
جھکا,jhuka
جھک,jhuk
جھٹلائی,jhtlayi
جھپٹتے,jhptte
جھوٹوں,jhotoon
جھوٹی,jhooti
جھوٹا,jhoota
جھوٹ,jhoot
جھڑکی,jhirki
جھڑک,jhirak
جھڑکنا,jhidakna
جھگڑتا,jhgerta
جھیلیں,jhelen
جھونکا,jhaunka
جھٹلایا,jhatlaya
جھاڑو,jharoo
جھڑ,jhar
جھپٹ,jhapat
جانچنے,jhanchne
جھلک,jhalak
جھانکا,jhakka
جھگڑنے,jhagrnay
جھگڑے,jhagray
جھگڑالو,jhagralu
جھگڑیں,jhagrain
جھگڑا,jhagra
جھگڑتے,jhagarte
جھگڑ,jhagar
جھاڑی,jhaari
جھانک,jhaank
جھاگ,jhaag
جھاڑ,jhaad
جیساہو,jesa ho
جہاد,jehaad
جیتی,jeeti
جیتے,jeetay
جیت,jeet
جینے,jeeney
جینا,jeena
جی,jee
جِی,jee
جبھی,jbhi
جزیہ,jaziya
جزا,jaza
جایئے,jayye
جائیو,jayoo
جائیں,jayen
جاےٴ,jaye ?
جائے,jaye
جاے,jaye
جوانی,jawani
جوان,jawan
جواب,jawab
جاتی,jati
جتھا,jatha
جاتیں,jatein
جاتے,jatay
جتاتے,jatate
جتایا,jataayaa
جاتا,jata
جاسوس,jasoos
جڑ,jarr
جڑوں,jaroon
جاری,jari
جاڑے,jaray
جاؤں,jaoon
جاؤ,jao
جانوروں,janwaron
جانور,janwar
مقدار,janti
جانتے,jantay
جانو,jano
جنتیں,jannaten
جنت,jannat
جاننا,janna
جانب,janib
جانی,jani
جانے,jane
جاندار,jandaar
ھتے,jancha
جانشینی,janasheeni
جانشین,janasheen
جانا,jana
جننے,jan'nay
جاننے,jan-nay
جمتا,jamta
جمنے,jamnay
جمنا,jamna
جمایا,jamaya
جمے,jamay
جماعتیں,jamaten
جماؤ,jamao
جمانے,jamanay
جماعتوں,jamaaton
جماعت,jamaat
جمع,jama
جما,jama
جلوے,jalwey
مڑ,jalva
جالوت,Jalut
جلتی,jalti
جلتے,jaltay
جلتا,jalta
جلیں,jalein
جلدی,jaldi
جلد,jald
جِلائیں,JALAYEN
جلائیں,jalayen
جِلایا,JALAYA
جلے,jalay
فرعونیوں,jalatay
جِلاتا,jalataa
جلاتا,jalataa
جلن,jalan
جِلائے,Jalaaye
جلائے,jalaaye
جلا,jala
جل,jal
جکڑے,jakray
سبا,jaiza
جائیے,jaiye
جیسی,jaisi
جیسے,jaisay
جیسا,jaisa
جیل,jail
جاہلیت,jahliat
جاہلوں,jahilon
جہنمی,jahanumi
جہنم,jahannum
جہان,Jahan
جہاں,jahan
جہالت,jahalat
جہاز,jahaaz
جاہ,Jah
جگمگاتا,jagmagata
جگمگانے,jagmagane
جگمگا,jagmaga
جگہوں,jaghon
جگایا,jagaya
جگہ,jagah
سایوں,jaga
جادوگر,jadugar
جادو,jadu
جانچے,jacchay
جبکہ,jabkay
جبر,jabar
جب,jab
جاوے,jaave
جانوں,jaanun
جانتا,jaanta
جانیں,jaanen
جانچ,jaanch
جان,jaan
جاموں,jaamon
جام,jaam
بندو,jaaley
جاہل,jaahil
جاگتا,jaagta
جعل,ja-al
جا,ja
عزت,izzat
عذر,izr
اطلاع,ittila
اتراتے,itratay
اِتراتے,itratay
اتراتا,itrata
آوازوں,itrata
اترانے,itranay
عجب,itranay
اترا,Itra
قوتیں,itra
اتنی,itni
اتنے,itnay
اتنا,itna
اطمینان,itminan
اتباع,itebaa
اطاعت,itaat
استوا,istewa
اسرائیل,Israel
اسماعیل,ismael
اسلامی,islami
اسلام,islam
اصلاح,islaah
اسی,isi
اشتباہ,ishtibaah
اشارے,isharay
اشارہ,ishara
اسحاق,Ishaq
اس,is
ارتکاب,irtikaab
ارشاد,irshad
ارادہ,iradah
ارادوں,iraadon
اقرار,iqraar
انتظار,intzaar
انتقال,intqaal
انتظام,intizam
انتخاب,intikhab
انتہاء,inteha
وفا,intahaa
کرسکیں,Insha
انصافوں,insafon
انصافی,insafi
انسانیت,insaaniyat
انسان,insaan
انصاف,insaaf
انکار,inkaar
القا,inka
انجیر,injeer
انجیل,injeel
انجام,injaam
انہیں,inhen
انہيں,inhen
انعام,inaam
عناد,inaad
امتیاز,imtiaz
امتحان,imthehaan
عمران,Imran
تغافل,imdaad
عمارت,imarat
امامت,imamat
امام,imam
ایمان,imaan
ايمان,imaan
الزام,ilzaam
الیاس,Ilyas
التفات,iltifaat
علموں,ilmoon
علم,ilm
الہام,ilham
علاقہ,ilaqa
الا,ila
اکرام,Ikram
اختیار,ikhtiyar
اختلاف,ikhtilaaf
اکٹھی,ikathi
اکٹھے,ikathay
وضع,ijlaas
اجازت,ijazat
احاطہ,ihata
افتراء,iftira
افتاد,iftaad
اِدھر,idher
ادھر,idhar
عدت,iddat
ف۱۲۰,ibtida
خوابگاہوں,ibtida
عبرتکر,Ibratkar
عبرت,Ibrat
ابراہیم,ibrahim
ابن,Ibn
ابلیس,iblees
عبادت,ibadat
حضور,huzoor
حسن,husn
ہشت,husht
حوروں,hurron
حرمت,hurmat
ہوؤں,huoon
ہونگے,hunge
ہنر,hunar
حنین,Hunain
ہمسر,humsar
ہم,hum
حکم,hukum
حکومت,hukoomat
حکموں,hukmon
حکمی,hukmi
حجروں,hujron
حجت,Hujjat
ہوئیں,huien
ہوئی,hui
ہوئے,hue
یقینی,hudhud
ہٹیں,htin
چکیہیں,hte
امانتدار,hِs
حقداروں,hqdaron
ہوتم,hotum
ہوتی,hoti
ہوتیں,hoten
ہوتے,hotay
ہوتا,hota
ہوشیاری,hoshyari
ہوش,hosh
ہوشیار,hooshiyar
حوریں,hooren
ہُوں,hoon
ہود,Hood
ہونٹ,hont
ہونی,honi
ہونے,honay
ہونہار,honahaar
ہونا,hona
ہوں,hon
ہولیے,holye
ہولیں,holin
ہوکر,hokar
ہوہی,hohi
سلامہو,hoga
ہو,ho
ہنسیں,hnsin
حمایتیوں,hmaytyon
ہلادینے,hladine
حیائی,hiyai
حصوں,hisson
کاروباری,hissay
حصہ,hissa
حصّہ,hissa
حساب,hisaab
حرص,hiras
ہپ,hip
ہمت,himmat
حمایتی,himayati
حمایت,himayat
ہلنا,hilna
ہلا,hila
ہِلا,hila
ہل,hil
حکمت,hikmat
ہجرت,hijrat
حجر,hijr
حفاظت,hifazat
ہی,hi
حیران,heran
حما,hema
ہلیں,helain
حیلہ,heela
ہزاروں,hazaron
ہزار,hazaar
حیائییا,hayaya
حیا,haya
ہوس,hawas
حواریوں,hawarion
حواری,hawari
ہواؤں,hawaon
حوالے,hawalay
حوالہ,hawala
ہوائیں,hawae
حوادث,hawadis
حواس,hawaas
ہولے,haulay
ہٹے,hattay
ہٹ,hatt
ہٹنے,hatnay
ہتھیاروں,hathyaaron
ہتھیار,hathyaar
ہاتھوں,hathon
ہاتھی,hathi
ہتھیلیاں,hatheliyan
ہٹایا,hataya
ہٹاتے,hatatay
ہٹاؤ,hatao
ہٹانا,hatana
ہٹا,hata
پہننے,hasratoon
حسرت,hasrat
حشر,hashar
حسب,hasb
حسرتیں,hasaratein
حسد,hasad
ہریالی,haryali
ہاروت,harwat
ہارون,Haroon
حرکت,harkat
حرج,harj
ہری,hari
ہرگز,hargiz
ہرے,harey
حریص,harees
ہارے,hare
پہاڑو,haranay
حرامکر,haramkar
حرم,haram
حرام,haraam
ہر,har
حقیر,haqeer
حقیقتاً,haqeeqatan
حقیقت,haqeeqat
حق,haq
ہنستے,hanstay
ہنسنے,hansnay
ہنسی,hansi
ہنسے,hanse
ہنسایا,hansaya
ہنسا,hansa
ہنس,hans
ہانکو,hanko
ہانکنے,hanknay
ہانکنا,hankna
ہانکے,hankay
ہموار,hamwar
ہمسائے,hamsaye
ہمراہ,hamrah
ہمنشین,hamnashiin
حملہ,hamla
ہمیشگی,hameshgi
ہمیشہ,hamesha
ہمیں,hamein
حمد,hamd
ہماری,hamari
ہمارے,hamaray
ہمارا,hamara
دیکھتی,Haman
حمل,hamal
ہمہ,hama
حلقہ,halqa
حلم,halm
ہلکی,halki
ہلکے,halkay
ہلکا,halka
حالتیں,halatain
ہلالے,halalay
حلال,halal
ہلاکت,halakat
حلف,halaf
حالانکہ,halaank
ہلاک,halaak
حاکمِ,hakmِ
حاکموں,hakimon
حکیم,hakeem
حج,hajj
حاجیوں,hajion
حیض,haiz
ہیر,hair
ہیں,hain
ہيں,hain
ہیبت,Haibat
ہے,hai
ہفتے,haftay
ہفتہ,hafta
حدوں,hado
ہڈیوں,hadion
حدیں,hade
ہڈیاں,haddiyan
ہڈی,haddi
ہدایت,hadaayat
حد,had
حبر,habr
حاضری,haazri
حاضر,haazir
ہاتھ,haath
حاصل,haasil
ہار,haar
ہاں,haan
حامی,haami
حالت,haalat
حال,haal
حاکم,haakim
حاجت,haajat
حائل,haail
ہائے,haae
حادثہ,haadsa
ہادی,haadi
ه,h
گذرتے,gzrte
گواہیوں,gwahyon
گزری,guzri
گزریں,guzren
گزرے,guzray
گزرا,guzra
گزرتی,guzarti
گزرتے,guzarte
گزرنے,guzarnay
گزاری,guzari
گزارے,guzaray
گزر,guzar
گزار,guzaar
غصہ,gussa
گِرو,guru
گرو,guru
گڑ,gur
گِڑ,gur
گنجائش,gunjaish
گونگے,gungay
گنہگار,gunehgaar
گنہگاروں,gunahgaaron
گنہگاری,gunahgaari
سرگرداں,gunahgaar
گناہ,gunah
گناہوں,gunaaho
گن,gun
گمراہوں,gumrahon
گمراہکر,gumrahko
گمراہی,gumraahi
گمراہ,gumraah
گمانوں,gumano
گمان,gumaan
گم,gum
روگ,gulon
گل,Gul
گفتگو,guftagu
گچھے,guchay
غبار,gubhar
گرز,grz
گرہستی,grhsti
گرہوں,grhon
گویائی,goyai
گویا,goya
گوشت,gosht
گونگا,goonga
گوئی,goi
گوبر,gobar
گور,goar
گود,goad
گنجلک,gnjlk
گروی,girwi
گرتے,girtay
گرتا,girta
گروہ,giroh
گرنا,girna
گرجا,girja
گرفت,girift
گری,giri
گرفتار,girftar
گریں,gireen
گرد,gird
گرائی,girayi
گرایا,giraya
گرے,giray
گراتے,giratay
گراؤ,girao
گراں,giran
گرہ,girah
گرا,gira
گر,gir
گنتی,ginti
جنی,ginne
گننے,ginnay
گنا,gina
گنُا,gina
گلے,gilaay
گیلی,giili
گی,gi
گھٹنوں,ghutnon
گٹھلی,ghuthli
گھٹن,ghutan
غرور,ghuroor
گھماتے,ghumate
غلاموں,ghulamoo
غلامی,ghulami
غلام,ghulam
گلاب,ghulaab
غل,ghul
گھسیٹے,ghsite
گھسے,ghse
گِھر,gِhr
غوطہ,ghouta
گھوڑوں,ghoron
گھوڑے,ghoray
گھونٹنے,ghoontnay
گھونٹ,ghoont
خواہشہو,ghoom
بیاہ,ghonsa
گھیرلیا,ghirlya
گھن,ghinn
غلاف,ghilaaf
غور,ghhor
غیروں,gheiron
گیہوں,gheehon
غیبت,gheebat
غازیوں,ghazyon
گھٹتے,ghatte
گٹھا,ghatta
گھٹ,ghatt
گھٹاؤ,ghaton
گھاٹے,ghatay
گھٹانے,ghatanay
گھٹیں,ghatain
گھٹا,ghata
گھاٹا,ghata
گھسیٹتے,ghasetetay
غرضی,gharzi
پہنچاتے,gharz
گھروں,gharon
گھڑیاں,ghariyaan
گھڑیوں,gharion
گھڑی,ghari
گھڑت,gharat
گرانی,gharani
اگاتے,gharane
گڑانا,gharana
گھر,ghar
گھِر,ghar
گھنے,ghany
غنی,ghanni
غنیٰ,ghanni
گھنی,ghani
غنیمت,ghanemat
گھنا,ghana
غمگین,ghamgeen
گھمنڈ,ghamand
غم,gham
غلہ,ghalla
غالب,ghalib
غلبے,ghalbay
غلبہ,ghalba
غلط,ghalat
غیظ,ghaiz
بالاخانوں,ghairnay
گھیرے,ghairay
گھیرا,ghaira
گھیر,ghair
غیر,ghair
غیب,ghaib
غفلت,ghaflat
غافلوں,ghafilon
گائیں,ghaein
ہامان,ghabraye
گھبرانے,ghabranay
گھبراہٹ,ghabrahat
گھبرا,ghabra
گھاٹی,ghaati
گھاٹ,ghaat
گھاس,ghaas
غار,ghaar
غافل,ghaafil
گاکہ,gha kay
غا,gha
غی,gh‬
گہرے,gehray
گہرا,gehra
گہنا,gehna
گہرائی,geherai
ناصحوں,geeron
گیر,geer
گنو,geeno
گے,ge
گچھوں,gchhon
گچ,gch
غضب,gazabb
گائیوں,gayyon
گایوں,gayon
گئی,gayi
گئیں,gayeen
گئے,gaye
گیارہ,gayarah
گیوں,gayaoun
غائب,gayab
گیا,gaya
گوارا,gawara
گواہوں,gawahoon
گواہکر,gawahkar
گواہی,gawahi
گواہ,gawah
گاوہ,gavh
گاتو,gato
گاروں,garon
گروہوں,garohoon
گرمی,garmi
گرجتی,garjte
گریبانوں,garibanoo
گریبان,garibaan
گڑھے,garhay
گڑھ,garh
گردنوں,gardnon
گردشیں,gardishen
گردش,gardish
گردنیں,gardanein
گردن,gardan
گردان,gardaan
گرم,garam
گرج,garaj
گِڑا,gara
گاؤں,gaon
گنواتے,ganwatey
گنواروں,ganwaroon
گنوائیں,ganwaen
گنوار,ganwaar
گنے,gannay
گنی,gani
گندی,gandi
گندیاں,gandhian
گندے,ganday
گندہ,gandah
گندگی,gandagi
گندا,ganda
گانہ,ganah
گلی,gali
گلا,gala
گاجو,gajo
گہنے,gahne
گہے,gahe
گدھے,gadhay
آور,gach
گابھن,gabhan
گائے,gaaye
گاڑھا,gaarha
گارے,gaaray
گارا,gaara
گار,gaar
گالی,gaali
گاہوں,gaahon
کھولتی,gaah
گابنی,gaabni
گاجس,ga jis
گاجب,ga jab
گا,ga
گ,g
فزا,fza
فضول,fuzool
فرصت,fursat
فتنے,ftne
فسادیوں,fsadyon
فرماؤں,frmaon
فریب,fraib
فوجوں,foujon
فوج,fouj
فوراً,foran
فورا,foran
فضا,fiza
فتنہ,fitnah
فسق,fisq
فرشتوں,firshton
فرقوں,firqoun
فرقے,firqay
دوسروں,firounion
فردوس,Firdous
فراست,firasat
فرعون,firaon
فقیہ,fiqiya
فکریں,fikrein
فکر,fikar
فدیہ,Fidya
فی,fi
فہمی,fehmi
فضل,fazl
فاضل,fazil
فضیلت,fazeelat
فوجیں,faujein
فتویٰ,Fatwa
فتح,fatah
فسقہو,fasqaho
فاسق,fasik
فسادی,fasadi
فساد,fasaad
فرضی,farzi
فرض,farz
فریاد,faryaad
فرش,farsh
فرق,farq
فروخت,farokht
فرمایا,farmaya
فرماتے,farmatay
فرماتا,farmata
فرماؤ,farmao
فرمانبردار,farmanbardar
فرمانے,farmanay
فرمانا,farmana
فرمائے,farmaiye
فرمائی,farmai
فرمائیں,farmaen
فرمادے,farmade
فرمانبرداری,farmabardari
فرماتی,farmaati
فرمان,farmaan
فرما,farma
فرشتو,farishto
فرشتے,farishtay
فرشتہ,farishta
فارغ,farigh
فریق,fareeq
فریبوں,fareebon
چھوٹ,farebi
فربہی,farbahi
فربہ,farba
فراموشی,faramoshi
فقیروں,faqeero
فقیر,faqeer
فقط,faqat
فانوس,fanoos
فنا,fanaa
فلانے,falanay
فلاح,Falah
نیکوکار,fakhr
فیض,Faiz
فیصلہ,faisla
فیصل,Faisal
فائدے,faiday
فائدہ,faida
فائد,faid
فاصلہ,faasla
بوجھوں,faani
ف,f
اعتدالی,etdaali
عشاء,esha
اِرم,Erum
علان,ellan
الٰہی,Ellahi
الہٰی,Ellahi
اعلانیہ,elania
اعلان,elaan
عید,eid
احسانوں,ehsaanon
احمقوں,ehmaqon
احمقانہ,ehmaqana
احکام,ehkaam
عہد,ehad
عیسیٰ,eesa
عیسی,eesa
ایندھن,eendhan
دواور,dwavr
ڈبو,duubo
دشواری,dushwari
دشوار,dushwaar
دشمنوں,dushmanon
دشمنی,dushmani
دشمن,dushman
آسودوں,durust
ماموں,duroood
دوپٹے,dupattay
دنیاوی,dunyawi
دنیاو,dunyao
دونی,dunne
دُونی,Dunne
دنیا,duniya
دنیوی,dunewi
دوں,dun
روگی,dun
دکھاتی,dukhati
دکھاؤں,dukhao
دکھائے,dukhaay
دکھ,dukh
دہرائی,duhrai
ڈبوئے,duboye
دُبلی,dubli
دبلی,dubli
دبک,dubak
دبائی,dubaiee
ڈبا,duba
دعائیں,duayen
دعائے,duaye
دعا,dua
ڈرائے,dry
ڈروں,dron
دروُ,dro
درباریوں,drbaryon
دوز,doze
دوزخی,dozakhi
دوزخ,dozakh
دولت,doulat
ڈوبتے,doubtey
دوستوں,doston
دوستی,dosti
دوست,dost
دوسرے,dosray
دوسرا,dosra
دوڑتا,dorta
دوڑتے,dorrtay
دوڑو,doroo
دوڑنا,dorna
دورکر,dorkr
ڈوریں,dorin
دوڑیں,dorein
دوڑے,doray
شاعروں,doray
دوڑاتے,doratay
ڈورا,dora
دورہ,dora
ڈور,dor
دوپہر,dopehar
وفات,doosron
دوسری,doosri
ضروری,doori
ڈورے,dooray
دونگا,doonga
دودھ,doodh
ڈبویا,dooboya
ڈوبنے,doobnay
ڈوبے,doobe
ڈوب,doob
دُوب,doob
دونوں,dono
دونا,dona
دُونا,dona
دون,don
ڈول,doll
دوہرے,dohray
ڈوبتا,dobta
دوبارہ,dobarah
پوجھ,dobala
دو,do
دیئے,diye
دیے,diye
دیاگیا,diya gaya
دیا,diya
دیو,dio
دنوں,dinon
دیںگے,dinge
دن,din
دلوں,dilon
دلی,dili
دلایا,dilaya
دلانے,dilanay
دلانا,dilana
دلائی,dilae
دلاؤں,dilaau
ٹلنا,dilaati
دلاتا,dilaata
دلا,dila
دل,dil
دکھانا,dikhnana
دکھائی,dikhayi
دکھاوا,dikhawa
دکھاوے,dikhavay
دکھاتے,dikhata
دکھاؤ,dikhao
دکھانے,dikhaane
دکھا,dikha
دیجئے,dijiye
دیجائے,dijaye
دیواریں,diivaaren
بکٹا,digin
دیگئی,Digayi
دی,di
دھویں,dhuwen
دھواں,dhuwan
ڈھونڈو,dhuundo
دھتکارے,dhutkare
دھنس,dhuns
دھن,dhun
دھوئیں,dhowen
دھوپ,dhoop
ڈھونڈتے,dhoondtay
ڈھونڈ,dhoond
دُونے,dhone
دونے,dhone
دھوکے,dhokay
دھوکا,dhoka
ڈھونڈنے,dhoandne
دھنستا,dhnsta
ڈھنڈ,dhnd
دھمکاتا,dhmkata
دھکیلے,dhkile
دھیان,dheyaan
دھيان,dheyaan
ڈھیروں,dheron
ڈھیٹ,dheet
ڈھیل,dheel
ڈھے,dhay
ڈراؤں,dharoun
دھڑے,dharay
دھرم,dharam
دھڑکتے,dharaktey
دھرا,dhara
دھڑ,dhar
دھنسی,dhansi
دھنسا,dhansa
خانوں,dhanpe
دھنکی,dhanki
دھمکیاں,dhamkian
دھمکی,dhamki
دھمک,dhamak
ڈھالتے,dhaltay
ڈھلنے,dhalnay
ڈھلکتے,dhalakte
دھکے,dhakkay
دھکا,dhaka
دھاک,dhak
ڈھیر,dhair
ڈھئی,dhaie
دھات,dhaat
ڈھارس,dhaaras
دھار,dhaar
ڈھانپ,dhaanp
تیسرے,dhaank
ڈھال,dhaal
ڈھا,dhaa
ڈھ,dh
دیتی,deti
دیتے,dete
دیتا,deta
دیر,der
دینا,dena
دیں,den
دیکھئے,dekhye
دیکھتیں,dekhteen
دیکھتے,dekhte
دیکھو,dekho
دیکھنے,dekhnay
دیکھنا,dekhna
دیکھیئے,dekhiye
دیکھی,dekhi
دیکھیں,dekhen
دیکھے,dekhe
دکھایا,dekhaya
مانگی,dekhatii
دکھاتا,dekhata
دیکھا,dekha
دیکھ,dekh
دکھائیں,deikhein
دہقانوں,dehqanon
دہنی,dehni
دہکائے,dehkaaye
دیہات,dehaat
ڈگری,degree
دیجیے,degiye
دیوار,deewar
دیوانے,deewany
دیوانہ,deewana
دینوں,deeno
دینی,deeni
دین,deen
دَین,deen
بدمزہ,deemak
دیدار,deedar
دیدہ,deedaa
ڈیل,deal
گھونسا,dayyan
دے,day
داؤد,dawod
دعوت,dawat
دوامی,dawami
دوڑتی,daurti
دور,daur
دوڑ,daud
جنون,dasvin
دستور,dastoor
داستانیں,dastaneen
دست,dast
دس,das
دریافت,daryaft
دریاؤں,daryaaon
دریا,darya
دروازوں,darwazon
دروازے,darwazay
درویش,darwaish
دروازہ,darwaaza
ستائی,darti
ڈرتے,dartay
ڈرتا,darta
درس,dars
درپے,darpay
داروغہ,Darogha
ڈرو,daro
ڈرنے,darnay
درمیان,darmiyan
درکار,darkaar
درجوں,darjon
درجے,darjay
درجہ,darja
درندہ,darinda
ڈاڑھی,darhhi
ڈریں,dareen
داریں,dare’n
درناک,dardnak
درد,dard
دربار,darbaar
درازی,Darazi
ڈرایا,daraya
ڈرے,daray
ڈراتے,darate
ڈراتا,darata
درشت,darasht
ڈرانے,darane
ڈرانا,darana
درختوں,darakhton
درخت,darakht
دراز,daraaz
چمکی,daraati
جتاتا,dara
درگزر,dar guzar
ڈر,dar
داؤں,daon
داؤ,dao
ڈانواں,danwaan
دانستہ,danista
دانست,Danist
دانش,Danish
ڈنڈ,dand
دانے,danay
دانہ,dana
جلاتے,Dana
داموں,damon
دم,dam
ڈلوا,dalwa
ڈالتا,dalta
ڈالوں,daloon
دلیلوں,dalilon
ڈالیے,dalie
دلیلیں,daleelen
دلیل,Daleel
ڈالیں,dalain
ڈالا,dala
دخل,dakhal
دیرپا,dairpa
دینے,dainay
دائمی,daimi
دیکھتا,daikhta
دیکھوں,daikhon
دیدو,daido
داہنی,dahni
داہنے,dahinay
ڈہڈہاتی,dahdahati
ڈگمگا,dagmaga
دغا,dagha
دفتر,daftar
دفعتًا,daftan
دفع,dafaa
دفعہ,dafaa
داداؤں,dadaon
دادا,dada
دبے,dabey
دبیز,dabeez
دبایا,dabaya
دباؤ,dabao
دبا,daba
دعوے,daaway
دعویٰ,daawa
داستان,daastaa’n
داروں,daaron
دار,daar
دانت,daant
دام,daam
ڈالتی,daalti
ڈالتے,daaltay
ڈالو,daalo
ڈالنے,daalnay
ڈالنا,daalna
ڈالی,daali
ڈالے,daaley
ڈال,daal
داخل,daakhil
داغ,daagh
داد,daad
کریب,crib
کوچ,coach
چکھائی,ckkhai
کچل,chyontyon
چھوا,chuva
چھوتے,chutay
چھڑا,churra
چھری,churee
چراتے,churatay
چراؤ,churao
چِرا,chura
چرا,chura
چھپتا,chupta
چھپنے,chupnay
چپکے,chupkay
چھپائیں,chupayen
چھپائے,chupaye
چھپایا,chupaya
چھپے,chupay
چھپاتے,chupatay
چھپاتا,chupata
چھپاؤ,chupao
چپ,chup
ریت,chunte
چنو,chuno
چن,chunn
چنی,chuni
چنے,chuney
چنیں,chunain
چنا,chuna
چلُو,chullu
چکو,chukon
چکی,chuki
چوُکیں,chukein
چکے,chuke
پچھتانے,chukane
چکاہے,chukahe
چکا,chuka
چٹیل,chtil
چٹی,chti
چھوئے,chovay
چوٹی,chouti
چوتھے,chouthay
چوتھا,choutha
چھپ,choup
چھوٹی,choti
چوتھائی,chothai
چھوڑتے,chortay
چوڑی,chorrie
چھوڑا,chorra
چھوڑنے,chorney
چوری,chori
چھوڑ,chore
چوڑان,choraan
چوڑائی,choraai
چور,chor
چوپائے,chopaye
سوجھانے,chopaya
چوپٹ,chopat
چوپایوں,chopaiyon
چھوٹنے,chootnay
چھوٹیں,chootiin
چورا,choora
خبری,choonti
چوں,choo
چوکھٹ,chokhat
تعاقب,chokannay
چھوڑتی,chodthee
چھوڑیں,choden
چھوڑی,choari
چنگھاڑ,chngharh
چمکائی,chmkayi
چمکائے,chmkaye
چلئے,chlye
چلائیے,chlayie
چکھائیں,chkhayin
چکاتے,chkate
چٹے,chitay
چپکانے,chipkanay
چپکا,chipka
چپکتی,chipakti
چنگاریوں,chingariyon
چنگاریاں,chingariyan
چنگاری,chingari
ٹلتا,chillate
زندے,chilkay
شگون,chikna
خلاصہ,chhuut
چھٹی,chhutti
چھٹنے,chhutne
چھٹکارا,chhutkara
چھڑائیں,chhurraayen
چھڑانے,chhuranay
چھڑانا,chhurana
چھپی,chhupi
چھپائی,chhupayi
چھپانا,chhupana
چھپاؤں,chhupaao
چھپا,chhupa
چھڑائی,chhrhayi
چھپاسکیں,chhpaskin
چھوئیں,chhoyin
کج,chhotna
چھوٹا,chhota
چھوڑتا,chhorta
چھوڑو,chhorro
چھوڑنا,chhorna
چھوڑے,chhorey
چھو,chhoo
چھتیں,chhatain
چھٹا,chhata
چھت,chhat
سوجھ,chhapa
چھاپ,chhap
چھلکتا,chhalakta
گیکہ,chhai
چھال,chhaal
چھا,chhaa
چنائی,chennai
چہرے,chehray
چہروں,cheharon
چیزوں,cheezon
چیزیں,cheeze
چیز,cheez
چیریں,cheeren
چیرا,cheera
چیر,cheer
چینی,cheeni
چیخ,cheekh
چھین,chean
چچاؤں,chchaon
چھ,chay
چٹان,chattaan
چھتوں,chaton
چٹانیں,chatanein
چشموں,chashmon
چشمے,chashmay
چشمہ,chashma
چشم,chasham
ملازمت,charwahay
چڑھے,charrhey
چرنے,charnay
چرخ,charkh
چڑھتے,charhtay
چڑھو,charho
چڑھنا,charhna
چڑھی,charhi
چڑھایا,charhaya
بننا,charhata
چڑھائی,charhai
چڑھا,charha
چڑھ,charh
چرچے,charchay
چرچا,charcha
چربی,charbi
چارہ,charah
چراغوں,charaghoon
چھپتے,chaptay
چھاؤں,chaon
چنگا,changa
چاندنیوں,chandnyon
چاندی,chandi
چاندنیاں,chandaniyaan
چند,chand
چمڑے,chamray
ذائقہ,chamki
چمکائیں,chamkayeen
چمکایا,chamkaya
چمکے,chamkay
چمکا,chamka
چمکتی,chamakti
چمکتا,chamakta
چمکنے,chamaknay
چمکتے,chamakate
چمک,chamak
چلتی,chalti
چلتے,chaltay
چلتا,chalta
چلو,chalo
چلنے,chalne
چلنا,chalna
چلی,chali
چلیں,chalein
چالیس,chalees
چلائیں,chalayein
چلائی,chalaye
چلائے,chalaye
چلایا,chalaya
چلے,chalay
چلاتی,chalati
چلاتا,chalata
چلانے,chalanay
چلن,chalan
چھلکتے,chalakte
چلا,chala
چل,chal
چکھو,chako
چکھا,chakkha
چکھنا,chakhna
چکھی,chakhi
چکھے,chakhay
چکھیں,chakhain
چکھایا,chakhaaya
چکھ,chakh
چکیں,chakain
چک,chak
چراغ,chairag
چین,chain
چاہتی,chahti
چاہتے,chahtay
طعنے,chahtain
چاہتا,chahta
چاہوں,chahoon
چاہو,chaho
چاہنا,chahna
چکھتے,chahkte
چاہیئے,chahiye
چاہئے,chahiye
چاہیے,chahiye
چاہی,chahi
چاہے,chahay
چاہت,chahat
چاہنے,chahanay
چاہیں,chahain
چاہا,chaha
پھٹکارے,chadoroon
ٹھٹک,chacha
چبائیں,chabian
چبا,chaba
چھائے,chaaye
چھایا,chaaya
چاشت,chaasht
چار,chaar
چاؤ,chaao
چاند,chaand
چال,chaal
چاک,chaak
کشتیوں,chaah
کار,car
بیوں,byon
جگا,buzurgon
بزرگی,buzurgi
بزدلی,buzdali
بت,buut
بٹ,Butt
بتوں,buton
بستیوں,bustiyon
بسر,busr
برتا,burta
برج,burj
بری,buri
برُی,buri
بڑھاپے,burhapay
بڑھاپا,burhapa
برے,buray
برُے,buray
برائیوں,buraiyon
برائیاں,buraiyan
برائی,buraiee
برا,bura
برُا,bura
بنیاد,bunyaad
بناؤں,bunun
بندوں,bundon
بلائیں,bulayen
بلائے,bulaye
بلایا,bulaya
بلاتی,bulati
بلاتے,bulatay
بلندیوں,bulandiyon
بلندی,bulandi
بلند,buland
بلانے,bulanay
بلانا,bulana
بلاتا,bulaataa
بلاؤ,bulaao
بلا,bulaa
بخیل,bukheel
بخل,bukhal
بجھنے,bujhnay
بجھے,bujhe
بجھا,bujha
ٹہنی,bujh
بغض,bughz
مین,budiya
گیئوں,bud feli
بتادیں,btadin
بتا,bta
دورے,brtte
برابرکر,brabrkr
بوجھل,boujhal
بوتے,botay
بوٹی,booti
بوڑھی,boorhi
بوڑھے,boorhay
بوڑھا,boorha
بوند,boond
بوجھے,boojhay
بوجھ,boojh
بودار,boodar
بولتی,bolti
بولتے,boltay
بولتا,boltaa
بولنے,bolnay
بولی,boli
بولیں,bolein
بولے,bolay
بولا,bola
بول,bol
بہتان,bohtan
بہت,bohat
بُو,bُo
بو,bo
بانٹا,bnta
بندیاں,bndyan
بندھائی,bndhayi
بندھ,bndh
بنالیتے,bnalite
بنالیے,bnalie
بنالے,bnale
بناےٴ,bnae ?
بنادیے,bnadie
بلوایا,blwaya
بلالیں,blalin
بکھیرے,bkhire
بیوی,biwi
بٹھایا,bithaya
بٹھاؤ,bithao
بٹھا,bitha
بچھڑا,bitchrha
بتائیں,bitayen
بتانے,bitanay
بسری,bisri
بناء,binaa
بیماروں,bimaroon
بالکل,bilkul
سرخ,bil farz
بل,bil
بخت,bikhat
بکھرے,bikhare
بجلیاں,bijliyan
بجلی,bijli
بگڑے,bigre
بگڑنے,bighrnay
بگھارنے,bigharnay
بگاڑتے,bighaartay
بگاڑنے,bigaarnay
بگاڑا,bigaara
بگاڑ,bigaar
ف۱۲۸,bidrdi
بدعت,bidat
بیچتا,bichta
بچھونا,bichona
بچھڑے,bichhre
بچھانے,bichenay
بچھے,bichay
بچھائی,bichai
بچھا,bichaa
بیبیاں,Bibyan
بی,bi
بھون,bhuvan
بھُس,bhus
بھولو,bhulo
بھولیں,bhulen
بھلائیوں,bhulaiyon
بھلائے,bhulae
بھتیجیاں,bhtijyan
صاحبزادیوں,bhtijon
بھڑکایا,bhrhkaya
بھڑکاتے,bhrhkate
بھوسہ,bhosah
بھوڑ,bhoor
بھولنے,bhoolnay
بھولے,bhoolay
بھول,bhool
بھوکا,bhooka
بھوک,bhook
بھونڈی,bhondi
بھوننے,bhon-nay
بھولتے,bholtay
بھولی,bholi
بھلادی,bhladi
بھڑ,bhir
بھی,bhi
بیٹھوں,bhethon
بڑھنے,bherne
بھرنا,bherna
بھیڑیا,bheria
بڑھائے,bherhaye
بھیجتا,bhejta
بھیجنے,bhejnay
بھیجیں,bhejen
بھیجہ,bhejah
بھیجا,bheja
بھيجا,bheja
بھیڑ,bheer
بھیک,bheek
بھائے,bhaye
بھٹ,Bhatt
بھٹکا,bhatka
بھتیجے,bhateejay
بھاتے,bhatay
بھٹکتے,bhataktay
بھٹکتا,bhatakta
بھٹک,bhatak
بھرتے,bhartay
بھرپور,bharpoor
بھروسہ,bharosa
بھروسے,bharoosay
بھرو,bharo
بھڑکے,bharkey
بھڑکتے,bharkate
بھری,bhari
بھرے,bharay
بھڑکتی,bharakti
بھڑک,bharak
بھریں,bharain
بھرا,bhara
بھر,bhar
بھانجیاں,bhanjyan
چادروں,bhanjon
بھانجے,bhanjay
بھنک,bhanak
بھنا,bhana
بھلے,bhallay
بھلی,bhali
بھلائیاں,bhalaiyan
بھلائی,bhalai
بھلا,bhala
بھائیوں,bhaiyon
بھیجتے,bhaijtay
بھیجو,bhaijho
بھیجی,bhaije
بھیج,bhaij
بھید,bhaid
بھائی,bhai
بھاگتے,bhagtay
بھاگتا,bhagta
بھاگو,bhago
بھاگنے,bhagnay
گھوم,bhagna
بھاگے,bhage
بھگانے,bhaganay
بھاگیں,bhagain
بھگا,bhaga
بھاگا,bhaga
بھایا,bhaayaa
بھاتی,bhaatii
بھاتا,bhaata
بھاری,bhaari
بھال,bhaal
بہائیں,bhaain
بھاگ,bhaag
بھا,bha
بگاڑے,bgarhe
بیزاری,bezari
بیزار,bezaar
بیوقوف,bewaqoof
بیٹوں,beton
بیٹو,beton
بیٹیاں,betiyan
بیٹی,beti
بیٹھو,betho
بیٹھنے,bethnay
بیٹھا,betha
بتائے,betaye
بیٹے,betay
بیٹا,beta
بیشمار,beshumar
بیڑیاں,berriyan
پراگندہ,beriyaan
بڑھاتا,berhata
بہرا,berha
بیماری,bemari
بیمار,bemaar
بکتے,bektay
بکھیر,bekhair
بیکار,bekar
بھیجوں,beju
بھیجے,beje
بہتی,behti
بہتیں,behteen
بہتر,behtar
بہتا,behta
بہروں,behroon
بہرے,behray
بیہوش,behosh
بیہودگی,behoodgi
بیہودہ,behooda
بہنوں,behnoon
بہنیں,behnain
بہلاوا,behlawa
بھانجوں,behlao
بہکے,behke
بہکایا,behkaya
بہکاوے,behkaway
بہکانے,behkanay
بہکا,behka
بہکتے,behektey
بحث,behas
بہرحال,behar haal
بہن,behan
بہک,behak
بہیں,behain
بہہ,beh
بگاڑیں,begarein
بیگانہ,begana
بیس,bees
بینا,Beena
بیت,beeet
بیچ,beech
بیع,bee
بیڑیوں,bediyon
بیچیں,bechen
بچاوے,bechavey
بیئر,bear
بَیر,bear
بے,be
بدشگونی,bdshgoni
بدلتے,bdalty
بچتا,bchta
بزور,Bazore
بازوں,bazoo
باز,baz
بیان,bayan
بیاں,bayan
انشاء,bayah
بیشک,bay shak
باوضو,bawazo
بٹے,battay
بٹا,batta
باتوں,baton
بٹنا,batna
باطن,batin
بیٹھیں,bathain
بتائی,batayi
بتایا,bataya
بتاؤں,batau
بتاتی,batati
بتاتے,batatay
بتاتا,batata
بتاؤ,batao
بھوچنگ,batanay
بتانا,batana
بتدریج,batadreej
بتادیئے,batadiye
بستیاں,bastiyan
بستی,bastii
بستا,basta
بسو,baso
بسنے,basnay
مہاجروں,bashriyat
بشری,bashri
باشد,Bashid
بشرطیکہ,bashart e kay
بشارت,basharat
بشر,bashar
بسے,basey
بسائیں,basayen
بساتے,basate
بسائی,basai
بسایا,basaayaa
بس,bas
برتیں,barten
برتری,bartari
برتر,bartar
برتاؤ,bartao
برتنوں,bartano
برت,bart
برسوں,barson
برسائے,barsaye
برسایا,barsaya
برسے,barsay
برساؤ,barsao
برسا,barsa
سنواردے,barron
بڑی,barri
بڑے,barray
برپا,barpaa
بارونق,baronq
پاتی,barkhast
برکت,barket
برکتوں,barkatoon
برکتیں,barkaten
باریکیوں,barikion
باریاں,barian
ہرانے,bari
بڑھتی,barhti
بڑھتا,barhta
بڑھنا,barhna
بڑھی,barhi
بڑھیں,barheen
بڑھائیں,barhayain
بڑھے,barhay
بڑھتے,barhatay
بڑھاؤں,barhaon
بڑھاؤ,barhao
بڑھائی,barhai
بڑھا,barha
بڑھ,barh
بارگاہ,bargaah
برف,barf
اِتراتا,bareeqi
بریں,bareen
باریک,bareek
برداشت,bardasht
برداری,bardari
بردار,bardaar
بردہ,barda
بربادی,barbadi
برباد,barbaad
بڑائی,barayi
بارے,baray
برتنے,baratnay
برتنا,baratna
برس,baras
برنگ,barang
برادری,baradri
برابری,barabari
برابر,barabar
بڑا,bara
برآمد,bar aamad
چنتے,baqyon
باقی,baqi
باقاعدہ,baqaida
بقدر,baqadar
بانٹتے,banttay
بنتے,bantay
بنتا,bantaa
بنوں,banon
بنو,bano
بانجھ,banjh
بنیں,banin
بنی,bani
مَرے,Bandoo
باندی,Bandi
باندھتے,bandhtay
باندھو,bandho
باندھنے,bandhnay
باندھنا,bandhna
بندھی,bandhi
باندھیں,bandhen
باندھے,bandhay
بندھے,bandhay
پال,bandhatay
باندھتا,bandhata
بندھا,bandha
باندھ,bandh
بندے,bande
بندر,bandar
بندہ,bandah
بندگی,bandagi
بند,band
بنائیں,banayen
بنائے,banaye
بنایا,banaya
بنے,banay
بناوٹ,banawat
بناتی,banati
بناتے,banatay
بناتا,banata
بنانے,bananay
بنانا,banana
بنالو,banalo
بنالی,banali
بنالیں,banalen
بنائی,banai
بنادیا,banadiya
بناؤ,banaao
بنا,bana
بننے,ban'nay
زِر,ban-na
بن,ban
بَن,ban
بولو,balow
بالوں,balon
بلکہ,balkay
بالیں,balen
بالائی,balai
بکریاں,bakriyan
بکریوں,bakrion
بکری,bakri
بکرے,bakray
بکا,bakka
بخشنے,bakhsnay
بخشتا,bakhshta
بخشش,bakhshish
بخشے,bakhshay
بخشا,bakhsha
بخشی,bakhsh
بخش,bakhash
بکثرت,bakasrat
بجتی,bajti
بجا,baja
بیٹیوں,baityon
بیٹھے,baithy
بیٹھتے,baithtay
بیٹھی,baithi
بیٹھ,baith
بیر,bair
بئیر,bair
بہتوں,bahuton
بحکم,bahukum
بہتے,bahtay
بھڑکا,bahrakna
بہشتوں,bahishtoon
بہشت,bahisht
بہائے,bahaye
تصویریں,bahaya
باہر,bahar
بہانے,bahanay
بہانہ,bahana
باہمی,bahami
بہائی,bahai
بہا,baha
بہ,bah
بگولا,bagula
بغور,baghore
باغوں,baghoon
باغیچے,baghiche
بغیر,baghair
بغاوت,baghaawat
بگڑ,baggar
بیعت,baet
بائیں,baen
بعید,baeed
بدتر,badter
بادشاہی,badshahi
بادشاہت,badshahat
بادشاہ,badshah
بدولت,badolat
پکنے,badlo
بدلیوں,badliyon
بدلیاں,badliyan
بدلی,badli
بدلیں,badleen
بدلے,badlay
بدلہ,badla
بدلا,badla
بدخو,badkhu
بدکاری,badkaari
بدکار,badkaar
بدی,badi
بڑھو,badho
بڑھایا,badhaya
بدبودار,badbudar
بدبختی,badbakhti
بدبخت,badbakht
بدست,badast
بدر,badar
بدن,badan
بدلتی,badalti
بدلتا,badalta
بدلنے,badalny
بدلنا,badalna
بدل,badal
بیریاں,bad mazah
بد,bad
بچتے,bachte
بچپن,bachpan
بچوں,bachon
بچنے,bachney
بچنا,bachna
بچی,bachi
بچو,bachcho
بچیں,bachchen
بچائیں,bachayen
بچایا,bachaya
بچے,bachay
بچاتے,bachatey
بچاسکیں,bachaskain
بچاؤ,bachao
بچانے,bachanay
بچائے,bachaaye
بچا,bacha
بچہ,bacha
بچ,bach
بیکس,bacchus
بابل,babul
بازو,baazu
بعضے,baazay
بازاروں,baazaaron
بازگشت,baaz gasht
بعض,baaz
باطل,baatil
باتیں,baatein
بات,baat
بدفعلی,baari
بارہا,baarha
بارہ,baara
بار,baar
باپ,baap
بانٹنے,baantane
بانٹ,baant
باندھا,baandha
بالا,baala
بال,baal
باک,baak
باعث,baais
باہم,baahum
باغ,baagh
بادلوں,baadalon
بادل,baadal
بعد,baad
باب,baab
بمشکل,baa-mushkil
باعزت,ba izzat
با,ba
بہتیری,b_htiri
بہشتیں,b_hshtin
بہکائے,b_hkaye
بعل,b - al
آزماتے,azmatay
عظمت,Azmat
آزمائش,azmaish
آزمانے,azmaane
عزیز,Aziz
عظیم,azeem
آزر,Azar
اِذن,azan
اذن,azan
آزادی,azadi
آزاد,azad
عذابہو,azabaho
آزار,azaar
اذان,azaan
عذاب,azaab
ایوب,ayub
آئیں,ayen
آیتوں,ayaton
آیتیں,ayatain
آیات,ayaat
عیاں,ayaan
اول,awwal
اوّل,awwal
آویزاں,awezan
قلمیں,awazon
اوڑھنا,avrhhna
اوربے,avrbe
اوراے,avrae
اوندھے,avndhe
عورتوں,aurton
عورتیں,aurtain
عورت,aurat
اور,aur
اوقات,auqaat
اولیاء,aulia
اولاد,aulaad
چھائی,atraaf
اٹکلیں,atklin
اٹھوائے,athwaye
اٹھاتیں,athatin
آتے,atay
عطا,ataa
اَستر,aster
استہزاء,Astehza
استغفار,astaghfar
گیمجرم,assar
آثار,assaar
اسمٰعیل,asmayl
آسمانوں,asmano
اصلی,asli
اصلاً,aslan
اشیاء,ashya
اشرفی,ashrafi
اسحق,ashq
اسیر,aseer
اژدھا,asdeha
اسباب,asbaab
اصل,asal
آسیب,asaib
عصا,asa
آرزو,arzoo
عرض,arz
اڑائیں,aruain
عرش,arsh
ارے,arrey
عرفات,Arfat
آرائش,Araish
ف۱۰۳,araha
عربی,arabi
اقصیٰ,aqsa
عقلوں,aqlon
ذات,aqibat
مغلوبی,aqeedah
عقلمندوں,aqalmandon
عقلمند,aqalmand
عقل,aqal
اپنوں,apnon
اپنی,apni
اپنا,apna
آؤں,aon
آنتوں,anton
آنسو,ansoo
انصار,Ansar
انس,ans
عنقریب,anqareeb
انوکھا,anokha
آنکھیں,ankhen
انجان,anjaan
انگور,angoor
انگوروں,angarro
انگارا,angara
انیس,Anees
اندھوں,andhon
اندھیریوں,andhiyaron
اندھی,andhi
اندھیریاں,Andheryan
اندھیروں,andheron
اندھیری,andheri
اندھیرے,andheray
اندھیرا,andhera
اندھے,andhay
اندھا,andha
اندیشہ,andesha
اندازوں,andazon
اندازے,andazay
اندازہ,andaza
انڈے,anday
اندر,andar
انداز,andaaz
انبیاء,anbia
آنے,anay
بزرگوں,anaaj
اَن,aَn
امتوں,amton
امین,amin
آمیزش,ameezash
امیروں,ameeron
مثلاً,amar
امانتوں,amanaton
بیدردی,amanatdar
امانتیں,amanatain
امانت,amanat
امن,aman
عمل,amal
آمدورفت,amad o raft
امان,Amaan
آمادہ,amaada
الم,alum
خالق,alqa
اللہ,Allah
الله,allah
الگ,allag
آل,all
الف,alif
علیین,aleen
ایلچی,alchi
الایمان,alayman
آلے,alay
علانیہ,alania
علامتیں,alamtain
العالمین,alameen
علامت,alamat
الاؤ,alaao
الیقین,al-yaqeen
الامین,al-ameen
الحقیقت,al haqeeqat
اکسائے,aksaye
اکثر,aksar
اکھڑی,akhrhi
آخرت,akhirat
اکٹھا,akhatta
اکڑتا,akharta
اکیلا,akela
اکارت,akart
اَکارت,akart
اکیلے,akailey
عجمی,ajmi
عجیب,ajeeb
اجر,ajar
اَجر,ajar
فانی,ajab
آجا,aja
اعزاز,aizaz
عوض,aiwz
اعتکاف,aitekaf
اعتدال,aitdaal
اعتبار,aitbaar
ایسوں,aison
ایسی,aisi
عیش,aish
ایسے,aisay
ایسا,aisa
اعراف,airaaf
عین,ain
عٓ,ain
ایک,aik
ايک,aik
عیب,aib
احوال,ahwaal
احتیاط,ahthyat
احسان,ahsaan
احرام,ahraam
احمد,Ahmed
احمق,ahmaq
میوہ,ahla
اہل,ahal
آہا,ahaa
اگلی,agli
اگلے,aglay
اگلا,agla
اغنیا,aghnya
اُگایا,aُgaya
آگے,agay
اگرچہ,agarchay
اگر,agar
افضل,afzal
افترا,aftara
خصوصیت,aftaab
افسوس,afsos
افسر,Afsar
ایذا,aeza
عائد,aed
اے,ae
عدولی,aduli
اَدسر,Adsar
ادریس,adrees
ادرک,adrak
ادنیٰ,adna
آدمیوں,admion
ادھ,adh
ادبی,adbi
عداوت,adawat
عدل,Adal
اداکر,adakr
ادب,adab
ادا,ada
اچھوں,achoon
اچھی,achi
اچھالتے,achhalte
اچھے,achay
اچانک,achanak
اچھا,acha
عبث,abs
ابر,abr
اُبلا,abla
ابھی,abhi
توڑے,abharti
ابھارے,abhare
اُبھارے,abhare
ابو,abbu
آبادی,abadi
آباد,abad
اب,ab
آزمائیں,aazmayen
آزمانا,aazmana
آزمایا,aazmaaya
آزماتا,aazmaata
آزما,aazma
آزمائے,aazamaa_e
آیئے,aayye
آئی,aayi
آئے,aaye
آیت,aayat
آیا,aaya
آوے,aawe
آوازیں,aawazian
آواز,aawaz
چاه,aawar
آتش,aatish
آتیں,aatin
آتی,aati
آٹھواں,aathwan
آٹھ,aath
عطائیں,aatain
آتا,aata
آسودہ,aasooda
آسمان,aasman
آشنا,aashna
آسن,aasen
آسائشوں,aasayshon
آسانی,aasani
آسکتا,aasakta
آسان,aasaan
آس,aas
آرزوئیں,aarzoyeen
آڑ,aarr
آراستہ,aarasta
آرام,aaraam
آقا,aaqa
آپے,aapay
آپس,aapas
آپڑیں,Aaparain
آپا,aapa
آپ,aap
آؤ,aao
آنت,aant
آنسوؤں,aanso-on
آنکھوں,aankhon
آنکھ,aankh
آنگن,aangan
آندھی,aandhi
آنچ,aanch
انار,aanar
آنا,aana
آمنے,aamnay
پلاتا,aamna
فرمانبرداروں,aamlin
اعمالیوں,aamalyon
اعمال,aamaal
عام,aam
عالموں,aalmon
عالم,aalam
اعلیٰ,aala
آخر,aakhir
عاجزی,aajzi
عاجز,aajiz
آج,aaj
آہستہ,aahista
آہیں,aahein
آغاز,aaghaz
آگاہ,aagah
آگ,aag
آفتوں,aafton
آفت,aafat
آدمی,aadmi
آدھی,aadhi
آدھا,aadha
آدھ,aadh
آڑے,aade
عادت,aadat
آدم,aadam
عاد,Aad
آبرو,aabaroo
آباء,aaba
آ,aa
اُ,aُ
ا,a
٦,6️⃣
٤,4️⃣
ٴ,?
اپنے,–apne